[
  {
    "value": "hiking",
    "synonyms": [
      "hiking"
    ]
  },
  {
    "value": "cycling",
    "synonyms": [
      "cycling",
      "ride my bike",
      "riding a bike",
      "ride"
    ]
  },
  {
    "value": "walking",
    "synonyms": [
      "walking"
    ]
  },
  {
    "value": "sightseeing",
    "synonyms": [
      "sightseeing"
    ]
  },
  {
    "value": "run",
    "synonyms": [
      "running"
    ]
  },
  {
    "value": "skiing",
    "synonyms": [
      "skiing"
    ]
  },
  {
    "value": "snowball fighting",
    "synonyms": [
      "snowball fighting",
      "snowball fights",
      "snowball fight"
    ]
  },
  {
    "value": "skating",
    "synonyms": [
      "skating"
    ]
  },
  {
    "value": "surfing",
    "synonyms": [
      "surfing"
    ]
  },
  {
    "value": "climbing",
    "synonyms": [
      "climbing"
    ]
  },
  {
    "value": "jogging",
    "synonyms": [
      "jogging"
    ]
  },
  {
    "value": "snowboarding",
    "synonyms": [
      "snowboarding"
    ]
  },
  {
    "value": "swimming",
    "synonyms": [
      "swimming"
    ]
  }
]