[
  {
    "value": "no traffic",
    "synonyms": [
      "light traffic",
      "avoiding heavy traffic",
      "avoiding traffic",
      "no traffic",
      "avoiding traffic jams",
      "with light traffic"
    ]
  },
  {
    "value": "no highway",
    "synonyms": [
      "no highways",
      "without using highways",
      "without highways",
      "avoid highways",
      "avoiding highways",
      "without high ways",
      "avoid high ways",
      "avoiding high ways"
    ]
  },
  {
    "value": "freeway",
    "synonyms": [
      "free way",
      "avoiding toll roads",
      "freeway",
      "freeways",
      "without tolls",
      "avoiding turnpikes",
      "without toll roads"
    ]
  },
  {
    "value": "no roadwork",
    "synonyms": [
      "no road works",
      "without road works",
      "excluding roadworks",
      "avoiding roadworks"
    ]
  },
  {
    "value": "highway",
    "synonyms": [
      "highway",
      "highways",
      "high way",
      "highway route",
      "express way",
      "motorway",
      "motor way",
      "express way",
      "high ways",
      "using highways"
    ]
  }
]