[
  {
    "value": "Baidu",
    "synonyms": [
      "Baidu"
    ]
  },
  {
    "value": "Wikipedia",
    "synonyms": [
      "Wikipedia",
      "Wiki"
    ]
  },
  {
    "value": "Bing",
    "synonyms": [
      "Bing"
    ]
  },
  {
    "value": "Ebay",
    "synonyms": [
      "Ebay"
    ]
  },
  {
    "value": "Amazon",
    "synonyms": [
      "Amazon"
    ]
  },
  {
    "value": "Yahoo",
    "synonyms": [
      "Yahoo"
    ]
  },
  {
    "value": "WolframAlpha",
    "synonyms": [
      "WolframAlpha",
      "Wolfram Alpha",
      "Wolfram"
    ]
  },
  {
    "value": "DuckDuckGo",
    "synonyms": [
      "DuckDuckGo",
      "Duck Duck Go"
    ]
  },
  {
    "value": "Yandex",
    "synonyms": [
      "Yandex"
    ]
  },
  {
    "value": "Google",
    "synonyms": [
      "Google"
    ]
  }
]