[
  {
    "value": "foggy",
    "synonyms": [
      "foggy"
    ]
  },
  {
    "value": "snow",
    "synonyms": [
      "snow",
      "snowing"
    ]
  },
  {
    "value": "smoke",
    "synonyms": [
      "smoke"
    ]
  },
  {
    "value": "overcast",
    "synonyms": [
      "overcast"
    ]
  },
  {
    "value": "rain",
    "synonyms": [
      "rain",
      "raining"
    ]
  },
  {
    "value": "ice",
    "synonyms": [
      "ice"
    ]
  },
  {
    "value": "fog",
    "synonyms": [
      "fog",
      "mist"
    ]
  },
  {
    "value": "storm",
    "synonyms": [
      "storm"
    ]
  },
  {
    "value": "wind",
    "synonyms": [
      "wind",
      "windy"
    ]
  },
  {
    "value": "sun",
    "synonyms": [
      "sunny",
      "sun"
    ]
  },
  {
    "value": "shower",
    "synonyms": [
      "shower",
      "showers"
    ]
  },
  {
    "value": "clouds",
    "synonyms": [
      "clouds",
      "cloudy"
    ]
  },
  {
    "value": "hurricane",
    "synonyms": [
      "hurricanes",
      "hurricane"
    ]
  },
  {
    "value": "haze",
    "synonyms": [
      "haze"
    ]
  },
  {
    "value": "rain snow",
    "synonyms": [
      "rain snow"
    ]
  },
  {
    "value": "thunderstorm",
    "synonyms": [
      "thunderstorm"
    ]
  }
]