[
  {
    "id": "199fb131-78a2-40b3-8618-4a941eb31c26",
    "data": [
      {
        "text": "hi ",
        "userDefined": false
      },
      {
        "text": "poppy",
        "alias": "given-name",
        "meta": "@sys.given-name",
        "userDefined": false
      }
    ],
    "isTemplate": false,
    "count": 0,
    "updated": 1528790149
  },
  {
    "id": "e4454a8e-6282-4a70-80fb-42a2484d1e33",
    "data": [
      {
        "text": "hello ",
        "userDefined": false
      },
      {
        "text": "poppy",
        "alias": "given-name",
        "meta": "@sys.given-name",
        "userDefined": false
      }
    ],
    "isTemplate": false,
    "count": 0,
    "updated": 1528790149
  },
  {
    "id": "c864bf1a-b8c3-4f5f-841b-ca33afd1af41",
    "data": [
      {
        "text": "hi",
        "userDefined": false
      }
    ],
    "isTemplate": false,
    "count": 0,
    "updated": 1528790149
  },
  {
    "id": "e946fe78-c982-4adc-8192-a78872ffb7c5",
    "data": [
      {
        "text": "hello",
        "userDefined": false
      }
    ],
    "isTemplate": false,
    "count": 0,
    "updated": 1528790149
  }
]