[
  {
    "id": "d63e76fa-40ec-4e54-bc48-ceffc6b243fb",
    "data": [
      {
        "text": "you have no sense of humor",
        "userDefined": false
      }
    ],
    "isTemplate": false,
    "count": 0,
    "updated": 1500400858
  },
  {
    "id": "0d0b748a-e823-40fa-9643-05d50fddaff8",
    "data": [
      {
        "text": "no",
        "userDefined": false
      }
    ],
    "isTemplate": false,
    "count": 0,
    "updated": 1508357905
  },
  {
    "id": "3f29c080-351c-4474-9508-3d0fd17358e3",
    "data": [
      {
        "text": "it\u0027s a bad joke",
        "userDefined": false
      }
    ],
    "isTemplate": false,
    "count": 0,
    "updated": 0
  },
  {
    "id": "3704adf0-78a0-4ea6-b092-8cbd22af2185",
    "data": [
      {
        "text": "not funny at all",
        "userDefined": false
      }
    ],
    "isTemplate": false,
    "count": 0,
    "updated": 0
  },
  {
    "id": "e6ae97e4-7ca6-468a-9e54-902cd22ad8ee",
    "data": [
      {
        "text": "I hate your jokes",
        "userDefined": false
      }
    ],
    "isTemplate": false,
    "count": 0,
    "updated": 0
  },
  {
    "id": "f853012c-5fa5-4029-9386-ddf5ac7d25b3",
    "data": [
      {
        "text": "it was a stupid joke",
        "userDefined": false
      }
    ],
    "isTemplate": false,
    "count": 0,
    "updated": 0
  },
  {
    "id": "dd4f72ad-b2cc-47c4-bf5a-0eac61464ad8",
    "data": [
      {
        "text": "stop it",
        "userDefined": false
      }
    ],
    "isTemplate": false,
    "count": 0,
    "updated": 0
  },
  {
    "id": "6e3aaa48-8caa-4ebf-84ea-43b01e0ad93b",
    "data": [
      {
        "text": "that is not funny",
        "userDefined": false
      }
    ],
    "isTemplate": false,
    "count": 0,
    "updated": 0
  },
  {
    "id": "ac880f7d-1590-442f-a4e0-415d6ca0fe7b",
    "data": [
      {
        "text": "I wish you had a sense of humor",
        "userDefined": false
      }
    ],
    "isTemplate": false,
    "count": 0,
    "updated": 1500400858
  },
  {
    "id": "45b49906-92b1-4838-8f27-6c837c8c7764",
    "data": [
      {
        "text": "your jokes are not funny",
        "userDefined": false
      }
    ],
    "isTemplate": false,
    "count": 0,
    "updated": 0
  },
  {
    "id": "c3f2112b-a1b9-4208-9234-a464b7ff1029",
    "data": [
      {
        "text": "i didn\u0027t like this joke",
        "userDefined": false
      }
    ],
    "isTemplate": false,
    "count": 0,
    "updated": 0
  },
  {
    "id": "16df79c2-b718-40c2-a355-1e15217d2089",
    "data": [
      {
        "text": "please improve your sense of humor",
        "userDefined": false
      }
    ],
    "isTemplate": false,
    "count": 0,
    "updated": 1500400858
  },
  {
    "id": "e4607b09-b9c9-439c-aec9-90fd32e0fc96",
    "data": [
      {
        "text": "your jokes are awful",
        "userDefined": false
      }
    ],
    "isTemplate": false,
    "count": 0,
    "updated": 0
  },
  {
    "id": "0bf880c0-e396-4000-967b-f83c2e0b5760",
    "data": [
      {
        "text": "this is not funny",
        "userDefined": false
      }
    ],
    "isTemplate": false,
    "count": 0,
    "updated": 0
  },
  {
    "id": "f3023666-52de-4d1d-95fd-a65b6eec40f9",
    "data": [
      {
        "text": "your jokes don\u0027t make me laugh",
        "userDefined": false
      }
    ],
    "isTemplate": false,
    "count": 0,
    "updated": 0
  },
  {
    "id": "09c07e68-bdf8-4b11-b4ea-45beecde4041",
    "data": [
      {
        "text": "not funny",
        "userDefined": false
      }
    ],
    "isTemplate": false,
    "count": 0,
    "updated": 0
  },
  {
    "id": "6f7e2425-792a-4e3f-8255-4e902be98403",
    "data": [
      {
        "text": "stop your stupid jokes",
        "userDefined": false
      }
    ],
    "isTemplate": false,
    "count": 0,
    "updated": 0
  },
  {
    "id": "fe0ad556-12c1-42c9-a9dc-48e2bab9e4df",
    "data": [
      {
        "text": "I didn\u0027t like that joke",
        "userDefined": false
      }
    ],
    "isTemplate": false,
    "count": 0,
    "updated": 0
  },
  {
    "id": "2236fbe4-5a3e-442b-81eb-1df198a5af4a",
    "data": [
      {
        "text": "you\u0027ve lost your sense of humor",
        "userDefined": false
      }
    ],
    "isTemplate": false,
    "count": 0,
    "updated": 1500400858
  },
  {
    "id": "45a9f408-2cfd-41ad-87cb-632e9bc03bf2",
    "data": [
      {
        "text": "stop",
        "userDefined": false
      }
    ],
    "isTemplate": false,
    "count": 0,
    "updated": 0
  }
]