[
  {
    "id": "f1e6a999-a57b-4764-9b48-f298bea043e3",
    "data": [
      {
        "text": "how do I ",
        "userDefined": false
      },
      {
        "text": "get",
        "meta": "@sys.ignore",
        "userDefined": true
      },
      {
        "text": " to ",
        "userDefined": false
      },
      {
        "text": "San Diego",
        "alias": "to",
        "meta": "@sys.location",
        "userDefined": true
      },
      {
        "text": " from ",
        "userDefined": false
      },
      {
        "text": "my house",
        "alias": "from",
        "meta": "@sys.location",
        "userDefined": true
      }
    ],
    "isTemplate": false,
    "count": 0,
    "updated": 0
  },
  {
    "id": "e27dacf6-709b-4031-8ff3-4ea1f7d63517",
    "data": [
      {
        "text": "get",
        "meta": "@sys.ignore",
        "userDefined": true
      },
      {
        "text": " directions to the ",
        "userDefined": false
      },
      {
        "text": "nearest",
        "alias": "sort",
        "meta": "@map-sort",
        "userDefined": true
      },
      {
        "text": " ",
        "userDefined": false
      },
      {
        "text": "ATM",
        "alias": "to",
        "meta": "@sys.location",
        "userDefined": true
      }
    ],
    "isTemplate": false,
    "count": 0,
    "updated": 0
  },
  {
    "id": "06b0f93d-ac0c-49ca-9ab4-f84fa7988d19",
    "data": [
      {
        "text": "can you direct me to the ",
        "userDefined": false
      },
      {
        "text": "mobile office",
        "alias": "to",
        "meta": "@sys.location",
        "userDefined": true
      }
    ],
    "isTemplate": false,
    "count": 0,
    "updated": 0
  },
  {
    "id": "22406273-2a0b-4033-a31c-07ce572fbc3c",
    "data": [
      {
        "text": "directions to ",
        "userDefined": false
      },
      {
        "text": "metro",
        "alias": "to",
        "meta": "@sys.location",
        "userDefined": true
      },
      {
        "text": " with ",
        "userDefined": false
      },
      {
        "text": "fastest way",
        "alias": "route-type",
        "meta": "@navigation-route-type",
        "userDefined": true
      }
    ],
    "isTemplate": false,
    "count": 0,
    "updated": 0
  },
  {
    "id": "a545a167-beda-41d8-a65b-b97731f73018",
    "data": [
      {
        "text": "show me the ",
        "userDefined": false
      },
      {
        "text": "fastest way",
        "alias": "route-type",
        "meta": "@navigation-route-type",
        "userDefined": true
      },
      {
        "text": " to get to the ",
        "userDefined": false
      },
      {
        "text": "office",
        "alias": "to",
        "meta": "@sys.location",
        "userDefined": true
      }
    ],
    "isTemplate": false,
    "count": 0,
    "updated": 0
  },
  {
    "id": "967baf39-75ec-4215-82c4-2510596e5995",
    "data": [
      {
        "text": "I need directions to ",
        "userDefined": false
      },
      {
        "text": "Pittsburgh",
        "alias": "to",
        "meta": "@sys.location",
        "userDefined": true
      }
    ],
    "isTemplate": false,
    "count": 0,
    "updated": 0
  },
  {
    "id": "e3d2d0b9-2993-48ff-837c-7e02307b2479",
    "data": [
      {
        "text": "how to get to ",
        "userDefined": false
      },
      {
        "text": "Danemea High street St Mary Mead",
        "alias": "to",
        "meta": "@sys.location",
        "userDefined": true
      }
    ],
    "isTemplate": false,
    "count": 0,
    "updated": 0
  },
  {
    "id": "e4f8530a-965b-4792-b1c2-28a38bb88237",
    "data": [
      {
        "text": "the ",
        "userDefined": false
      },
      {
        "text": "quickest route",
        "alias": "route-type",
        "meta": "@navigation-route-type",
        "userDefined": true
      },
      {
        "text": " to ",
        "userDefined": false
      },
      {
        "text": "420 Paper St Wilmington DE 19886",
        "alias": "to",
        "meta": "@sys.location",
        "userDefined": true
      }
    ],
    "isTemplate": false,
    "count": 0,
    "updated": 0
  },
  {
    "id": "6e67c9d5-7b43-4b7e-8a89-4eefc3a994a9",
    "data": [
      {
        "text": "directions to ",
        "userDefined": false
      },
      {
        "text": "New York",
        "alias": "to",
        "meta": "@sys.location",
        "userDefined": true
      },
      {
        "text": " ",
        "userDefined": false
      },
      {
        "text": "avoiding toll roads",
        "alias": "road-type",
        "meta": "@navigation-road-type",
        "userDefined": true
      }
    ],
    "isTemplate": false,
    "count": 0,
    "updated": 0
  },
  {
    "id": "075e05f9-2c97-48cd-bc1f-8f2d750c76e7",
    "data": [
      {
        "text": "give ",
        "userDefined": false
      },
      {
        "text": "me",
        "meta": "@sys.ignore",
        "userDefined": false
      },
      {
        "text": " directions to ",
        "userDefined": false
      },
      {
        "text": "Starbucks",
        "alias": "to",
        "meta": "@sys.location",
        "userDefined": true
      }
    ],
    "isTemplate": false,
    "count": 0,
    "updated": 0
  },
  {
    "id": "d6071a17-ce5c-4d06-8fd4-d7b47287d375",
    "data": [
      {
        "text": "route me to ",
        "userDefined": false
      },
      {
        "text": "Fort Bragg",
        "alias": "to",
        "meta": "@sys.location",
        "userDefined": true
      },
      {
        "text": " from ",
        "userDefined": false
      },
      {
        "text": "my current location",
        "meta": "@sys.ignore",
        "userDefined": true
      }
    ],
    "isTemplate": false,
    "count": 0,
    "updated": 0
  },
  {
    "id": "e93be328-8ba8-4342-a745-94dfd4528699",
    "data": [
      {
        "text": "how do I ",
        "userDefined": false
      },
      {
        "text": "get",
        "meta": "@sys.ignore",
        "userDefined": true
      },
      {
        "text": " to the ",
        "userDefined": false
      },
      {
        "text": "Cherry Hill mall",
        "alias": "to",
        "meta": "@sys.location",
        "userDefined": true
      },
      {
        "text": " from here",
        "userDefined": false
      }
    ],
    "isTemplate": false,
    "count": 0,
    "updated": 0
  },
  {
    "id": "8cca804e-1daa-480c-bda4-53abccb7f114",
    "data": [
      {
        "text": "give",
        "meta": "@sys.ignore",
        "userDefined": true
      },
      {
        "text": " me route to ",
        "userDefined": false
      },
      {
        "text": "Bristol",
        "alias": "to",
        "meta": "@sys.location",
        "userDefined": true
      },
      {
        "text": " ",
        "userDefined": false
      },
      {
        "text": "using highways",
        "alias": "road-type",
        "meta": "@navigation-road-type",
        "userDefined": true
      }
    ],
    "isTemplate": false,
    "count": 0,
    "updated": 0
  },
  {
    "id": "9cfe6c2e-1b53-4cc8-b5b2-c2d045910964",
    "data": [
      {
        "text": "how to get to the ",
        "userDefined": false
      },
      {
        "text": "Main Street",
        "alias": "to",
        "meta": "@sys.location",
        "userDefined": true
      },
      {
        "text": " ",
        "userDefined": false
      },
      {
        "text": "avoiding heavy traffic",
        "alias": "road-type",
        "meta": "@navigation-road-type",
        "userDefined": true
      }
    ],
    "isTemplate": false,
    "count": 0,
    "updated": 0
  },
  {
    "id": "52240fb6-aa8b-4507-8a4f-25315faf1317",
    "data": [
      {
        "text": "show me the ",
        "userDefined": false
      },
      {
        "text": "best way",
        "alias": "route-type",
        "meta": "@navigation-route-type",
        "userDefined": false
      },
      {
        "text": " to get to the ",
        "userDefined": false
      },
      {
        "text": "airport",
        "alias": "to",
        "meta": "@sys.location",
        "userDefined": false
      }
    ],
    "isTemplate": false,
    "count": 0,
    "updated": 0
  },
  {
    "id": "797661c9-ae7c-418c-9358-b5d0ae34761c",
    "data": [
      {
        "text": "directions to ",
        "userDefined": false
      },
      {
        "text": "restaurant",
        "alias": "to",
        "meta": "@sys.location",
        "userDefined": true
      },
      {
        "text": " ",
        "userDefined": false
      },
      {
        "text": "with light traffic",
        "alias": "road-type",
        "meta": "@navigation-road-type",
        "userDefined": true
      }
    ],
    "isTemplate": false,
    "count": 0,
    "updated": 0
  },
  {
    "id": "ad430280-8740-4cbd-810d-55df46728b5f",
    "data": [
      {
        "text": "directions from ",
        "userDefined": false
      },
      {
        "text": "Denver",
        "alias": "from",
        "meta": "@sys.location",
        "userDefined": true
      },
      {
        "text": " to ",
        "userDefined": false
      },
      {
        "text": "Ohio",
        "alias": "to",
        "meta": "@sys.location",
        "userDefined": true
      }
    ],
    "isTemplate": false,
    "count": 0,
    "updated": 0
  },
  {
    "id": "114418be-7777-444e-851a-57c2c594b0a9",
    "data": [
      {
        "text": "can you please direct me to the ",
        "userDefined": false
      },
      {
        "text": "nearest",
        "alias": "sort",
        "meta": "@map-sort",
        "userDefined": true
      },
      {
        "text": " ",
        "userDefined": false
      },
      {
        "text": "petrol pump",
        "alias": "to",
        "meta": "@sys.location",
        "userDefined": true
      }
    ],
    "isTemplate": false,
    "count": 0,
    "updated": 0
  },
  {
    "id": "9b451065-af4d-41f8-9a38-e738f1ade8e5",
    "data": [
      {
        "text": "how do I ",
        "userDefined": false
      },
      {
        "text": "get",
        "meta": "@sys.ignore",
        "userDefined": true
      },
      {
        "text": " to ",
        "userDefined": false
      },
      {
        "text": "my house",
        "alias": "to",
        "meta": "@sys.location",
        "userDefined": true
      },
      {
        "text": " from here",
        "userDefined": false
      }
    ],
    "isTemplate": false,
    "count": 0,
    "updated": 0
  },
  {
    "id": "b60a9e6d-4d1d-465d-8ddf-e0062f99652b",
    "data": [
      {
        "text": "driving directions to ",
        "userDefined": false
      },
      {
        "text": "Longbourn near Meryton Hertfortshire",
        "alias": "to",
        "meta": "@sys.location",
        "userDefined": true
      }
    ],
    "isTemplate": false,
    "count": 0,
    "updated": 0
  },
  {
    "id": "367bc5a3-f54c-4f93-8dab-f606d2e7190a",
    "data": [
      {
        "text": "find the ",
        "userDefined": false
      },
      {
        "text": "fastest route",
        "alias": "route-type",
        "meta": "@navigation-route-type",
        "userDefined": true
      },
      {
        "text": " to ",
        "userDefined": false
      },
      {
        "text": "Baxter Building 42nd street Madison Avenue Manhattan",
        "alias": "to",
        "meta": "@sys.location",
        "userDefined": true
      }
    ],
    "isTemplate": false,
    "count": 0,
    "updated": 0
  },
  {
    "id": "75dae11d-8636-48d2-b581-b55d54621c5a",
    "data": [
      {
        "text": "what\u0027s the ",
        "userDefined": false
      },
      {
        "text": "best way",
        "alias": "route-type",
        "meta": "@navigation-route-type",
        "userDefined": true
      },
      {
        "text": " to get ",
        "userDefined": false
      },
      {
        "text": "home",
        "alias": "to",
        "meta": "@sys.location",
        "userDefined": true
      },
      {
        "text": " from here",
        "userDefined": false
      }
    ],
    "isTemplate": false,
    "count": 1,
    "updated": 0
  },
  {
    "id": "3364380e-0b13-4a11-a90a-4d4f944d2a53",
    "data": [
      {
        "text": "what\u0027s the ",
        "userDefined": false
      },
      {
        "text": "fastest way",
        "alias": "route-type",
        "meta": "@navigation-route-type",
        "userDefined": true
      },
      {
        "text": " to get to ",
        "userDefined": false
      },
      {
        "text": "work",
        "alias": "to",
        "meta": "@sys.location",
        "userDefined": true
      },
      {
        "text": " without taking ",
        "userDefined": false
      },
      {
        "text": "Center Avenue",
        "alias": "exclude-point",
        "meta": "@sys.location",
        "userDefined": true
      }
    ],
    "isTemplate": false,
    "count": 0,
    "updated": 0
  },
  {
    "id": "4d66002f-256d-467b-af5f-e92fd236f534",
    "data": [
      {
        "text": "show me directions to the ",
        "userDefined": false
      },
      {
        "text": "nearest",
        "alias": "sort",
        "meta": "@map-sort",
        "userDefined": true
      },
      {
        "text": " ",
        "userDefined": false
      },
      {
        "text": "gas station",
        "alias": "to",
        "meta": "@sys.location",
        "userDefined": true
      }
    ],
    "isTemplate": false,
    "count": 0,
    "updated": 0
  },
  {
    "id": "223b586d-e13f-4a66-b30c-5561ffb7cefa",
    "data": [
      {
        "text": "show me directions to ",
        "userDefined": false
      },
      {
        "text": "Heathrow airport",
        "alias": "to",
        "meta": "@sys.location",
        "userDefined": true
      }
    ],
    "isTemplate": false,
    "count": 0,
    "updated": 0
  },
  {
    "id": "48a31b88-556c-4c92-b6e6-6d788b29fff3",
    "data": [
      {
        "text": "how do I get ",
        "userDefined": false
      },
      {
        "text": "home",
        "alias": "to",
        "meta": "@sys.location",
        "userDefined": true
      },
      {
        "text": " taking ",
        "userDefined": false
      },
      {
        "text": "E120",
        "alias": "include-point",
        "meta": "@sys.location",
        "userDefined": true
      }
    ],
    "isTemplate": false,
    "count": 0,
    "updated": 0
  },
  {
    "id": "7e4bdab7-a6b3-4c68-b85b-689c4c0f9571",
    "data": [
      {
        "text": "can you find me the ",
        "userDefined": false
      },
      {
        "text": "best route",
        "alias": "route-type",
        "meta": "@navigation-route-type",
        "userDefined": true
      },
      {
        "text": " to ",
        "userDefined": false
      },
      {
        "text": "Ohio",
        "alias": "to",
        "meta": "@sys.location",
        "userDefined": true
      }
    ],
    "isTemplate": false,
    "count": 0,
    "updated": 0
  },
  {
    "id": "a75a758d-3c5c-45a5-b524-2a12dd92028e",
    "data": [
      {
        "text": "how do I get to ",
        "userDefined": false
      },
      {
        "text": "Central Park",
        "alias": "to",
        "meta": "@sys.location",
        "userDefined": true
      }
    ],
    "isTemplate": false,
    "count": 0,
    "updated": 0
  },
  {
    "id": "3f2d9b23-95d0-425c-b3a5-630b060e6448",
    "data": [
      {
        "text": "start navigation to the ",
        "userDefined": false
      },
      {
        "text": "nearest",
        "alias": "sort",
        "meta": "@map-sort",
        "userDefined": true
      },
      {
        "text": " ",
        "userDefined": false
      },
      {
        "text": "Starbucks",
        "alias": "to",
        "meta": "@sys.location",
        "userDefined": true
      },
      {
        "text": " via ",
        "userDefined": false
      },
      {
        "text": "fastest route",
        "alias": "route-type",
        "meta": "@navigation-route-type",
        "userDefined": true
      }
    ],
    "isTemplate": false,
    "count": 0,
    "updated": 0
  },
  {
    "id": "3a3a1a90-a4cd-41b2-869f-d158a623bfd1",
    "data": [
      {
        "text": "what is the ",
        "userDefined": false
      },
      {
        "text": "shortest route",
        "alias": "route-type",
        "meta": "@navigation-route-type",
        "userDefined": true
      },
      {
        "text": " to ",
        "userDefined": false
      },
      {
        "text": "San Francisco",
        "alias": "to",
        "meta": "@sys.location",
        "userDefined": true
      },
      {
        "text": " from here",
        "userDefined": false
      }
    ],
    "isTemplate": false,
    "count": 0,
    "updated": 0
  },
  {
    "id": "7ff231b5-8b46-4b1e-b15a-ba9fece3c1ba",
    "data": [
      {
        "text": "what\u0027s the ",
        "userDefined": false
      },
      {
        "text": "best way",
        "alias": "route-type",
        "meta": "@navigation-route-type",
        "userDefined": true
      },
      {
        "text": " to ",
        "userDefined": false
      },
      {
        "text": "get",
        "meta": "@sys.ignore",
        "userDefined": true
      },
      {
        "text": " ",
        "userDefined": false
      },
      {
        "text": "home",
        "alias": "to",
        "meta": "@sys.location",
        "userDefined": true
      }
    ],
    "isTemplate": false,
    "count": 0,
    "updated": 0
  },
  {
    "id": "cf9eb274-ac08-4708-bcf3-6387d40e8df5",
    "data": [
      {
        "text": "how to get to the ",
        "userDefined": false
      },
      {
        "text": "nearest",
        "alias": "sort",
        "meta": "@map-sort",
        "userDefined": true
      },
      {
        "text": " ",
        "userDefined": false
      },
      {
        "text": "petrol station",
        "alias": "to",
        "meta": "@sys.location",
        "userDefined": true
      }
    ],
    "isTemplate": false,
    "count": 0,
    "updated": 0
  },
  {
    "id": "aadc3dc1-4887-4fd7-91e4-4ea26888ce25",
    "data": [
      {
        "text": "directions to ",
        "userDefined": false
      },
      {
        "text": "New York",
        "alias": "to",
        "meta": "@sys.location",
        "userDefined": true
      },
      {
        "text": " ",
        "userDefined": false
      },
      {
        "text": "avoiding heavy traffic",
        "alias": "road-type",
        "meta": "@navigation-road-type",
        "userDefined": true
      }
    ],
    "isTemplate": false,
    "count": 0,
    "updated": 0
  },
  {
    "id": "361a260b-b3f4-4e76-a939-1e787a9fed43",
    "data": [
      {
        "text": "what is the ",
        "userDefined": false
      },
      {
        "text": "fastest way",
        "alias": "route-type",
        "meta": "@navigation-route-type",
        "userDefined": true
      },
      {
        "text": " to ",
        "userDefined": false
      },
      {
        "text": "my house",
        "alias": "to",
        "meta": "@sys.location",
        "userDefined": true
      }
    ],
    "isTemplate": false,
    "count": 0,
    "updated": 0
  },
  {
    "id": "4cdcb586-5978-4cc3-92db-b4664a01899d",
    "data": [
      {
        "text": "how to get to ",
        "userDefined": false
      },
      {
        "text": "nearest",
        "alias": "sort",
        "meta": "@map-sort",
        "userDefined": true
      },
      {
        "text": " ",
        "userDefined": false
      },
      {
        "text": "petrol station",
        "alias": "to",
        "meta": "@sys.location",
        "userDefined": true
      }
    ],
    "isTemplate": false,
    "count": 0,
    "updated": 0
  },
  {
    "id": "461e1f5f-c498-4b14-a3d8-3873144c143a",
    "data": [
      {
        "text": "find directions to the ",
        "userDefined": false
      },
      {
        "text": "nearest",
        "alias": "sort",
        "meta": "@map-sort",
        "userDefined": true
      },
      {
        "text": " ",
        "userDefined": false
      },
      {
        "text": "grocery shop",
        "alias": "to",
        "meta": "@sys.location",
        "userDefined": true
      }
    ],
    "isTemplate": false,
    "count": 0,
    "updated": 0
  },
  {
    "id": "d7bc2f86-572f-4a91-ae37-c0ce6fbd7421",
    "data": [
      {
        "text": "directions to ",
        "userDefined": false
      },
      {
        "text": "bar",
        "alias": "to",
        "meta": "@sys.location",
        "userDefined": true
      },
      {
        "text": " ",
        "userDefined": false
      },
      {
        "text": "with light traffic",
        "alias": "road-type",
        "meta": "@navigation-road-type",
        "userDefined": true
      }
    ],
    "isTemplate": false,
    "count": 0,
    "updated": 0
  },
  {
    "id": "99d02683-2d6a-4518-ba6b-5c7db5a34a84",
    "data": [
      {
        "text": "let me see the directions to go to ",
        "userDefined": false
      },
      {
        "text": "301 Cobblestone Way Bedrock 70777",
        "alias": "to",
        "meta": "@sys.location",
        "userDefined": true
      }
    ],
    "isTemplate": false,
    "count": 0,
    "updated": 0
  },
  {
    "id": "7367842b-34ce-4f51-956b-7c9bd3ffd272",
    "data": [
      {
        "text": "display directions to ",
        "userDefined": false
      },
      {
        "text": "San Francisco",
        "alias": "to",
        "meta": "@sys.location",
        "userDefined": true
      }
    ],
    "isTemplate": false,
    "count": 0,
    "updated": 0
  },
  {
    "id": "133e4b82-c9fc-467a-b6a1-e143cdf0fb9a",
    "data": [
      {
        "text": "show me the way ",
        "userDefined": false
      },
      {
        "text": "home",
        "alias": "to",
        "meta": "@sys.location",
        "userDefined": true
      }
    ],
    "isTemplate": false,
    "count": 0,
    "updated": 0
  },
  {
    "id": "43029385-5322-4fdf-973f-d5af9ae41444",
    "data": [
      {
        "text": "show me the ",
        "userDefined": false
      },
      {
        "text": "quickest route",
        "alias": "route-type",
        "meta": "@navigation-route-type",
        "userDefined": true
      },
      {
        "text": " to ",
        "userDefined": false
      },
      {
        "text": "work",
        "alias": "to",
        "meta": "@sys.location",
        "userDefined": true
      }
    ],
    "isTemplate": false,
    "count": 0,
    "updated": 0
  },
  {
    "id": "6b3b9e60-701e-40a0-afe8-e08f253a87d1",
    "data": [
      {
        "text": "get me a route to the ",
        "userDefined": false
      },
      {
        "text": "San Francisco International airport",
        "alias": "to",
        "meta": "@sys.location",
        "userDefined": true
      },
      {
        "text": " ",
        "userDefined": false
      },
      {
        "text": "without using highways",
        "alias": "road-type",
        "meta": "@navigation-road-type",
        "userDefined": true
      }
    ],
    "isTemplate": false,
    "count": 0,
    "updated": 0
  }
]