[
  {
    "id": "fca064e4-3a7b-47e2-8ab1-f7c36cb17c37",
    "data": [
      {
        "text": "number of ",
        "userDefined": false
      },
      {
        "text": "miles",
        "alias": "unit",
        "meta": "@sys.unit-length-name",
        "userDefined": true
      },
      {
        "text": " I have to cover to reach ",
        "userDefined": false
      },
      {
        "text": "Main Street",
        "alias": "to",
        "meta": "@sys.location",
        "userDefined": true
      }
    ],
    "isTemplate": false,
    "count": 1,
    "updated": 0
  },
  {
    "id": "4f81c938-028c-46be-ad22-a23205d21d51",
    "data": [
      {
        "text": "how far is ",
        "userDefined": false
      },
      {
        "text": "my",
        "meta": "@sys.ignore",
        "userDefined": true
      },
      {
        "text": " destination ",
        "userDefined": false
      },
      {
        "text": "point",
        "meta": "@sys.ignore",
        "userDefined": true
      }
    ],
    "isTemplate": false,
    "count": 0,
    "updated": 0
  },
  {
    "id": "331f7643-b982-488c-bd53-06c4850dbe6a",
    "data": [
      {
        "text": "what\u0027s the distance ",
        "userDefined": false
      },
      {
        "text": "to the destination point",
        "meta": "@sys.ignore",
        "userDefined": false
      }
    ],
    "isTemplate": false,
    "count": 1,
    "updated": 0
  },
  {
    "id": "bb9c7865-ffa9-46b9-9051-4435f5e4f059",
    "data": [
      {
        "text": "will I drive more than ",
        "userDefined": false
      },
      {
        "text": "300",
        "alias": "amount",
        "meta": "@sys.number",
        "userDefined": true
      },
      {
        "text": " ",
        "userDefined": false
      },
      {
        "text": "miles",
        "alias": "unit",
        "meta": "@sys.unit-length-name",
        "userDefined": true
      },
      {
        "text": " to get from ",
        "userDefined": false
      },
      {
        "text": "12 Arbour Road",
        "alias": "from",
        "meta": "@sys.location",
        "userDefined": true
      },
      {
        "text": " to ",
        "userDefined": false
      },
      {
        "text": "55 Central Park West",
        "alias": "to",
        "meta": "@sys.location",
        "userDefined": true
      }
    ],
    "isTemplate": false,
    "count": 0,
    "updated": 0
  },
  {
    "id": "81aa6ba4-7608-4a2f-a424-12a4b526d0f8",
    "data": [
      {
        "text": "do I have to drive more than ",
        "userDefined": false
      },
      {
        "text": "200",
        "alias": "amount",
        "meta": "@sys.number",
        "userDefined": true
      },
      {
        "text": " ",
        "userDefined": false
      },
      {
        "text": "miles",
        "alias": "unit",
        "meta": "@sys.unit-length-name",
        "userDefined": true
      }
    ],
    "isTemplate": false,
    "count": 0,
    "updated": 0
  },
  {
    "id": "0630554f-e26f-43a9-9222-965b2c88be5b",
    "data": [
      {
        "text": "how many ",
        "userDefined": false
      },
      {
        "text": "kilometres",
        "alias": "unit",
        "meta": "@sys.unit-length-name",
        "userDefined": true
      },
      {
        "text": " ",
        "userDefined": false
      },
      {
        "text": "to",
        "meta": "@sys.ignore",
        "userDefined": true
      },
      {
        "text": " ",
        "userDefined": false
      },
      {
        "text": "my",
        "meta": "@sys.ignore",
        "userDefined": true
      },
      {
        "text": " ",
        "userDefined": false
      },
      {
        "text": "home",
        "alias": "to",
        "meta": "@sys.location",
        "userDefined": true
      }
    ],
    "isTemplate": false,
    "count": 0,
    "updated": 0
  },
  {
    "id": "efc77a23-5038-4140-b8b0-cd433f7c50b8",
    "data": [
      {
        "text": "how many kilometres are left to get to ",
        "userDefined": false
      },
      {
        "text": "1938 Sulivan Ln Metropolis",
        "alias": "to",
        "meta": "@sys.location",
        "userDefined": true
      }
    ],
    "isTemplate": false,
    "count": 0,
    "updated": 0
  },
  {
    "id": "9d55faf0-0549-443d-a2ef-b6d7ed23937e",
    "data": [
      {
        "text": "is this ",
        "userDefined": false
      },
      {
        "text": "route",
        "meta": "@sys.ignore",
        "userDefined": true
      },
      {
        "text": " longer than ",
        "userDefined": false
      },
      {
        "text": "5",
        "alias": "amount",
        "meta": "@sys.number",
        "userDefined": true
      },
      {
        "text": " ",
        "userDefined": false
      },
      {
        "text": "miles",
        "alias": "unit",
        "meta": "@sys.unit-length-name",
        "userDefined": true
      }
    ],
    "isTemplate": false,
    "count": 0,
    "updated": 0
  },
  {
    "id": "932be6b0-c0bc-41ee-9a58-c35a3755c10d",
    "data": [
      {
        "text": "how far is ",
        "userDefined": false
      },
      {
        "text": "my",
        "meta": "@sys.ignore",
        "userDefined": true
      },
      {
        "text": " ",
        "userDefined": false
      },
      {
        "text": "office",
        "alias": "to",
        "meta": "@sys.location",
        "userDefined": true
      }
    ],
    "isTemplate": false,
    "count": 0,
    "updated": 0
  },
  {
    "id": "776c3fe3-6465-48c3-8cb9-c56edc16ef79",
    "data": [
      {
        "text": "how ",
        "userDefined": false
      },
      {
        "text": "many",
        "meta": "@sys.ignore",
        "userDefined": true
      },
      {
        "text": " ",
        "userDefined": false
      },
      {
        "text": "km",
        "alias": "unit",
        "meta": "@sys.unit-length-name",
        "userDefined": true
      },
      {
        "text": " should I ",
        "userDefined": false
      },
      {
        "text": "drive",
        "meta": "@sys.ignore",
        "userDefined": true
      },
      {
        "text": " ",
        "userDefined": false
      },
      {
        "text": "to",
        "meta": "@sys.ignore",
        "userDefined": true
      },
      {
        "text": " reach ",
        "userDefined": false
      },
      {
        "text": "New York",
        "alias": "to",
        "meta": "@sys.location",
        "userDefined": true
      }
    ],
    "isTemplate": false,
    "count": 0,
    "updated": 0
  },
  {
    "id": "668218b1-d154-4512-9e9b-f773bc1e0e3c",
    "data": [
      {
        "text": "tell me how many ",
        "userDefined": false
      },
      {
        "text": "miles",
        "alias": "unit",
        "meta": "@sys.unit-length-name",
        "userDefined": true
      },
      {
        "text": " to ",
        "userDefined": false
      },
      {
        "text": "New York",
        "alias": "to",
        "meta": "@sys.location",
        "userDefined": true
      }
    ],
    "isTemplate": false,
    "count": 0,
    "updated": 0
  }
]