[
  {
    "id": "99a5ca88-e6ec-4fe5-be9d-cabba1c0d495",
    "data": [
      {
        "text": "I don\u0027t need it anymore",
        "userDefined": false
      }
    ],
    "isTemplate": false,
    "count": 0,
    "updated": 0
  },
  {
    "id": "6df20b8d-e10c-4fa6-9410-d3860ed4d516",
    "data": [
      {
        "text": "turn it off please",
        "userDefined": false
      }
    ],
    "isTemplate": false,
    "count": 0,
    "updated": 0
  },
  {
    "id": "0ce22f2e-7878-4950-9470-3acc59089b33",
    "data": [
      {
        "text": "close it down",
        "userDefined": false
      }
    ],
    "isTemplate": false,
    "count": 0,
    "updated": 0
  },
  {
    "id": "444fb84d-1d56-477c-83fb-683c1fa0db76",
    "data": [
      {
        "text": "stop navigation",
        "userDefined": false
      }
    ],
    "isTemplate": false,
    "count": 0,
    "updated": 0
  },
  {
    "id": "5182c505-1da6-473a-b70f-1b3b6edc7451",
    "data": [
      {
        "text": "stop it",
        "userDefined": false
      }
    ],
    "isTemplate": false,
    "count": 0,
    "updated": 0
  },
  {
    "id": "a1e8b4dd-a449-44e2-a8c0-7047b3ae40c5",
    "data": [
      {
        "text": "we",
        "meta": "@sys.ignore",
        "userDefined": false
      },
      {
        "text": "\u0027ve reached the destination",
        "userDefined": false
      }
    ],
    "isTemplate": false,
    "count": 0,
    "updated": 0
  },
  {
    "id": "0e36e750-d0d2-4254-800d-1418fede792e",
    "data": [
      {
        "text": "I ",
        "userDefined": false
      },
      {
        "text": "don\u0027t",
        "meta": "@sys.ignore",
        "userDefined": false
      },
      {
        "text": " need navigation anymore",
        "userDefined": false
      }
    ],
    "isTemplate": false,
    "count": 0,
    "updated": 0
  },
  {
    "id": "cc551d28-7faf-4204-bb98-9de180431b78",
    "data": [
      {
        "text": "could you close navigation",
        "userDefined": false
      }
    ],
    "isTemplate": false,
    "count": 0,
    "updated": 0
  },
  {
    "id": "7268172e-7366-431f-b7a3-62f0400f9cf2",
    "data": [
      {
        "text": "turn off",
        "userDefined": false
      }
    ],
    "isTemplate": false,
    "count": 0,
    "updated": 0
  },
  {
    "id": "51519731-b6e4-4dea-9804-212c26d728da",
    "data": [
      {
        "text": "close it",
        "userDefined": false
      }
    ],
    "isTemplate": false,
    "count": 0,
    "updated": 0
  },
  {
    "id": "82b6b179-64b5-46ca-be0a-1439897d2c5a",
    "data": [
      {
        "text": "can",
        "meta": "@sys.ignore",
        "userDefined": false
      },
      {
        "text": " you ",
        "userDefined": false
      },
      {
        "text": "close",
        "meta": "@sys.ignore",
        "userDefined": false
      },
      {
        "text": " ",
        "userDefined": false
      },
      {
        "text": "it",
        "meta": "@sys.ignore",
        "userDefined": false
      },
      {
        "text": " ",
        "userDefined": false
      },
      {
        "text": "now",
        "meta": "@sys.ignore",
        "userDefined": false
      }
    ],
    "isTemplate": false,
    "count": 0,
    "updated": 0
  },
  {
    "id": "fc8cc0ea-d00c-4220-aa87-8f252317bd5d",
    "data": [
      {
        "text": "shut it down",
        "userDefined": false
      }
    ],
    "isTemplate": false,
    "count": 0,
    "updated": 0
  },
  {
    "id": "15c16068-b07b-4545-9708-5378861ce494",
    "data": [
      {
        "text": "now",
        "meta": "@sys.ignore",
        "userDefined": false
      },
      {
        "text": " ",
        "userDefined": false
      },
      {
        "text": "stop",
        "meta": "@sys.ignore",
        "userDefined": false
      },
      {
        "text": " ",
        "userDefined": false
      },
      {
        "text": "it",
        "meta": "@sys.ignore",
        "userDefined": false
      }
    ],
    "isTemplate": false,
    "count": 0,
    "updated": 0
  },
  {
    "id": "9ff1c5e0-f02e-4ea9-b9d8-07b2ec778315",
    "data": [
      {
        "text": "navigation off",
        "userDefined": false
      }
    ],
    "isTemplate": false,
    "count": 0,
    "updated": 0
  },
  {
    "id": "bb4f682e-e992-40c9-af87-153e9289ba77",
    "data": [
      {
        "text": "turn off navigation",
        "userDefined": false
      }
    ],
    "isTemplate": false,
    "count": 0,
    "updated": 0
  }
]