[
  {
    "id": "32554538-8792-4208-875a-48a155189684",
    "data": [
      {
        "text": "navigate from ",
        "userDefined": false
      },
      {
        "text": "home",
        "alias": "from",
        "meta": "@sys.location",
        "userDefined": true
      },
      {
        "text": " to ",
        "userDefined": false
      },
      {
        "text": "office",
        "alias": "to",
        "meta": "@sys.location",
        "userDefined": true
      }
    ],
    "isTemplate": false,
    "count": 0,
    "updated": 0
  },
  {
    "id": "c0ec1253-30ad-4046-b767-2b42ce9b22ef",
    "data": [
      {
        "text": "navigate to ",
        "userDefined": false
      },
      {
        "text": "London",
        "alias": "to",
        "meta": "@sys.location",
        "userDefined": true
      }
    ],
    "isTemplate": false,
    "count": 0,
    "updated": 0
  },
  {
    "id": "f8571084-3aa1-4a1c-a2c0-e7d6bef8ba83",
    "data": [
      {
        "text": "navigate me to ",
        "userDefined": false
      },
      {
        "text": "London",
        "alias": "to",
        "meta": "@sys.location",
        "userDefined": true
      },
      {
        "text": " using the ",
        "userDefined": false
      },
      {
        "text": "fastest way",
        "alias": "route-type",
        "meta": "@navigation-route-type",
        "userDefined": true
      }
    ],
    "isTemplate": false,
    "count": 0,
    "updated": 0
  },
  {
    "id": "15633109-a522-4edd-9c42-ee4d56910edb",
    "data": [
      {
        "text": "activate navigation",
        "userDefined": false
      }
    ],
    "isTemplate": false,
    "count": 0,
    "updated": 0
  },
  {
    "id": "f8d0b4d4-047c-48a9-8791-26e1978949df",
    "data": [
      {
        "text": "navigate me ",
        "userDefined": false
      },
      {
        "text": "home",
        "alias": "to",
        "meta": "@sys.location",
        "userDefined": true
      },
      {
        "text": " from the ",
        "userDefined": false
      },
      {
        "text": "Main Street",
        "alias": "from",
        "meta": "@sys.location",
        "userDefined": true
      },
      {
        "text": " via ",
        "userDefined": false
      },
      {
        "text": "M30",
        "alias": "include-point",
        "meta": "@sys.location",
        "userDefined": true
      }
    ],
    "isTemplate": false,
    "count": 0,
    "updated": 0
  },
  {
    "id": "22d64464-48e2-43f6-a7ff-efe530f7e6ba",
    "data": [
      {
        "text": "navigation",
        "userDefined": false
      }
    ],
    "isTemplate": false,
    "count": 0,
    "updated": 0
  },
  {
    "id": "5f416722-aabc-47a5-be3d-4624ef28c080",
    "data": [
      {
        "text": "can you take me ",
        "userDefined": false
      },
      {
        "text": "home",
        "alias": "to",
        "meta": "@sys.location",
        "userDefined": true
      }
    ],
    "isTemplate": false,
    "count": 0,
    "updated": 0
  },
  {
    "id": "557b5b9f-e562-40e5-9c95-3e322a022eec",
    "data": [
      {
        "text": "start navigation to the ",
        "userDefined": false
      },
      {
        "text": "nearest",
        "alias": "sort",
        "meta": "@map-sort",
        "userDefined": true
      },
      {
        "text": " ",
        "userDefined": false
      },
      {
        "text": "petrol station",
        "alias": "to",
        "meta": "@sys.location",
        "userDefined": true
      }
    ],
    "isTemplate": false,
    "count": 0,
    "updated": 0
  },
  {
    "id": "17ccfedb-42e0-4f99-8949-391b40b5ba53",
    "data": [
      {
        "text": "open navigation from ",
        "userDefined": false
      },
      {
        "text": "London",
        "alias": "from",
        "meta": "@sys.location",
        "userDefined": true
      },
      {
        "text": " to ",
        "userDefined": false
      },
      {
        "text": "Liverpool",
        "alias": "to",
        "meta": "@sys.location",
        "userDefined": true
      }
    ],
    "isTemplate": false,
    "count": 0,
    "updated": 0
  },
  {
    "id": "c0176eb0-c424-4dc7-b5d1-2fff38825b73",
    "data": [
      {
        "text": "navigate to ",
        "userDefined": false
      },
      {
        "text": "work",
        "alias": "to",
        "meta": "@sys.location",
        "userDefined": true
      },
      {
        "text": " without taking ",
        "userDefined": false
      },
      {
        "text": "Center Avenue",
        "alias": "exlcude-point",
        "meta": "@sys.location",
        "userDefined": true
      }
    ],
    "isTemplate": false,
    "count": 0,
    "updated": 0
  },
  {
    "id": "346f6d8f-6692-407d-aa49-6247c2fd1cf2",
    "data": [
      {
        "text": "can you take me the ",
        "userDefined": false
      },
      {
        "text": "nearest",
        "alias": "sort",
        "meta": "@map-sort",
        "userDefined": true
      },
      {
        "text": " ",
        "userDefined": false
      },
      {
        "text": "hotel",
        "alias": "to",
        "meta": "@sys.location",
        "userDefined": true
      }
    ],
    "isTemplate": false,
    "count": 0,
    "updated": 0
  },
  {
    "id": "e3b72fb0-fef6-4b79-8085-595b7ba5f882",
    "data": [
      {
        "text": "navigate me to ",
        "userDefined": false
      },
      {
        "text": "New York",
        "alias": "to",
        "meta": "@sys.location",
        "userDefined": true
      },
      {
        "text": " ",
        "userDefined": false
      },
      {
        "text": "avoiding toll roads",
        "alias": "road-type",
        "meta": "@navigation-road-type",
        "userDefined": true
      }
    ],
    "isTemplate": false,
    "count": 0,
    "updated": 0
  },
  {
    "id": "a03b106d-5a51-498d-b2b1-5576e04fa318",
    "data": [
      {
        "text": "could you navigate me to ",
        "userDefined": false
      },
      {
        "text": "454 W 35th Street New York NY 10001",
        "alias": "to",
        "meta": "@sys.location",
        "userDefined": true
      },
      {
        "text": " with ",
        "userDefined": false
      },
      {
        "text": "fastest way",
        "alias": "route-type",
        "meta": "@navigation-route-type",
        "userDefined": true
      }
    ],
    "isTemplate": false,
    "count": 0,
    "updated": 0
  },
  {
    "id": "85ed00bf-c2dd-414d-b231-d7af550f07ea",
    "data": [
      {
        "text": "start navigation to ",
        "userDefined": false
      },
      {
        "text": "nearest",
        "alias": "sort",
        "meta": "@map-sort",
        "userDefined": true
      },
      {
        "text": " ",
        "userDefined": false
      },
      {
        "text": "Starbucks",
        "alias": "to",
        "meta": "@sys.location",
        "userDefined": true
      },
      {
        "text": " via ",
        "userDefined": false
      },
      {
        "text": "fastest route",
        "alias": "route-type",
        "meta": "@navigation-route-type",
        "userDefined": true
      }
    ],
    "isTemplate": false,
    "count": 0,
    "updated": 0
  },
  {
    "id": "63c73d68-07df-4cfa-b9d5-a26c43f5705b",
    "data": [
      {
        "text": "open navigation to ",
        "userDefined": false
      },
      {
        "text": "London",
        "alias": "to",
        "meta": "@sys.location",
        "userDefined": true
      },
      {
        "text": " with ",
        "userDefined": false
      },
      {
        "text": "light traffic",
        "alias": "route-type",
        "meta": "@navigation-route-type",
        "userDefined": true
      }
    ],
    "isTemplate": false,
    "count": 1,
    "updated": 0
  },
  {
    "id": "4d71c837-165d-428e-9d35-a2846b89ffcc",
    "data": [
      {
        "text": "navigate from ",
        "userDefined": false
      },
      {
        "text": "New York",
        "alias": "from",
        "meta": "@sys.location",
        "userDefined": true
      }
    ],
    "isTemplate": false,
    "count": 0,
    "updated": 0
  },
  {
    "id": "83a637a4-983b-4469-a784-0bedf4cbf62a",
    "data": [
      {
        "text": "how can I go to the ",
        "userDefined": false
      },
      {
        "text": "airport",
        "alias": "to",
        "meta": "@sys.location",
        "userDefined": true
      },
      {
        "text": " from my location",
        "userDefined": false
      }
    ],
    "isTemplate": false,
    "count": 0,
    "updated": 0
  },
  {
    "id": "ebac49ad-f68d-4dce-b574-fdd44fc8f937",
    "data": [
      {
        "text": "let\u0027s go ",
        "userDefined": false
      },
      {
        "text": "home",
        "alias": "to",
        "meta": "@sys.location",
        "userDefined": true
      }
    ],
    "isTemplate": false,
    "count": 0,
    "updated": 0
  },
  {
    "id": "609c749f-b3c6-4a6c-881c-5f6139c0cc7d",
    "data": [
      {
        "text": "open navigation",
        "userDefined": false
      }
    ],
    "isTemplate": false,
    "count": 0,
    "updated": 0
  },
  {
    "id": "1b79c5d1-805d-4a70-adbc-a9fb956cd5ee",
    "data": [
      {
        "text": "navigate to ",
        "userDefined": false
      },
      {
        "text": "P Sherman 42 Wallaby Way Sydney",
        "alias": "to",
        "meta": "@sys.location",
        "userDefined": true
      }
    ],
    "isTemplate": false,
    "count": 1,
    "updated": 0
  },
  {
    "id": "1716d53d-8248-49c6-aa23-94f45b6a9e1d",
    "data": [
      {
        "text": "take me to ",
        "userDefined": false
      },
      {
        "text": "Wayne Manor 1007 Mountain Drive Gotham",
        "alias": "to",
        "meta": "@sys.location",
        "userDefined": true
      }
    ],
    "isTemplate": false,
    "count": 1,
    "updated": 0
  },
  {
    "id": "6a7cb3d7-2502-41f7-963a-07345acaf7a8",
    "data": [
      {
        "text": "can you navigate me to the ",
        "userDefined": false
      },
      {
        "text": "closest",
        "alias": "sort",
        "meta": "@map-sort",
        "userDefined": true
      },
      {
        "text": " ",
        "userDefined": false
      },
      {
        "text": "shop",
        "alias": "to",
        "meta": "@sys.location",
        "userDefined": true
      }
    ],
    "isTemplate": false,
    "count": 0,
    "updated": 0
  },
  {
    "id": "a63c53d5-f270-4adc-b8aa-f3d422a2c1a4",
    "data": [
      {
        "text": "open navigation to ",
        "userDefined": false
      },
      {
        "text": "Starbucks",
        "alias": "to",
        "meta": "@sys.location",
        "userDefined": true
      },
      {
        "text": " ",
        "userDefined": false
      },
      {
        "text": "avoiding heavy traffic",
        "alias": "road-type",
        "meta": "@navigation-road-type",
        "userDefined": true
      }
    ],
    "isTemplate": false,
    "count": 0,
    "updated": 0
  },
  {
    "id": "a244c5b6-1a7c-497d-a734-b7a21e52799c",
    "data": [
      {
        "text": "start navigation to the ",
        "userDefined": false
      },
      {
        "text": "nearest",
        "alias": "sort",
        "meta": "@map-sort",
        "userDefined": true
      },
      {
        "text": " ",
        "userDefined": false
      },
      {
        "text": "Cheesecake Factory",
        "alias": "to",
        "meta": "@sys.location",
        "userDefined": true
      },
      {
        "text": " via ",
        "userDefined": false
      },
      {
        "text": "fastest route",
        "alias": "route-type",
        "meta": "@navigation-route-type",
        "userDefined": true
      }
    ],
    "isTemplate": false,
    "count": 0,
    "updated": 0
  },
  {
    "id": "9465fcba-2a76-413c-ac14-a7ea18c844e9",
    "data": [
      {
        "text": "let\u0027",
        "userDefined": false
      },
      {
        "text": "s",
        "meta": "@sys.ignore",
        "userDefined": false
      },
      {
        "text": " ",
        "userDefined": false
      },
      {
        "text": "go",
        "meta": "@sys.ignore",
        "userDefined": false
      },
      {
        "text": " ",
        "userDefined": false
      },
      {
        "text": "to",
        "meta": "@sys.ignore",
        "userDefined": false
      },
      {
        "text": " the ",
        "userDefined": false
      },
      {
        "text": "nearest",
        "alias": "sort",
        "meta": "@map-sort",
        "userDefined": true
      },
      {
        "text": " ",
        "userDefined": false
      },
      {
        "text": "Starbucks",
        "alias": "to",
        "meta": "@sys.location",
        "userDefined": false
      }
    ],
    "isTemplate": false,
    "count": 0,
    "updated": 0
  },
  {
    "id": "4b1e50d4-208a-4e4a-aef0-5eb89d25962b",
    "data": [
      {
        "text": "navigation to ",
        "userDefined": false
      },
      {
        "text": "nearest",
        "alias": "sort",
        "meta": "@map-sort",
        "userDefined": true
      },
      {
        "text": " ",
        "userDefined": false
      },
      {
        "text": "shop",
        "alias": "to",
        "meta": "@sys.location",
        "userDefined": true
      }
    ],
    "isTemplate": false,
    "count": 0,
    "updated": 0
  },
  {
    "id": "41442ad5-ab8f-4cac-bdaf-7d48a3101649",
    "data": [
      {
        "text": "navigation to ",
        "userDefined": false
      },
      {
        "text": "restaurant",
        "alias": "to",
        "meta": "@sys.location",
        "userDefined": true
      },
      {
        "text": " ",
        "userDefined": false
      },
      {
        "text": "with light traffic",
        "alias": "road-type",
        "meta": "@navigation-road-type",
        "userDefined": true
      }
    ],
    "isTemplate": false,
    "count": 0,
    "updated": 0
  },
  {
    "id": "c52088e7-5148-438c-bce8-5e3c71dcf4c8",
    "data": [
      {
        "text": "navigate me to ",
        "userDefined": false
      },
      {
        "text": "New York",
        "alias": "to",
        "meta": "@sys.location",
        "userDefined": true
      },
      {
        "text": " ",
        "userDefined": false
      },
      {
        "text": "avoiding traffic",
        "alias": "road-type",
        "meta": "@navigation-road-type",
        "userDefined": true
      }
    ],
    "isTemplate": false,
    "count": 0,
    "updated": 0
  },
  {
    "id": "de19c384-e98e-4d1c-8908-2dce4bcfd7f0",
    "data": [
      {
        "text": "let\u0027s go from ",
        "userDefined": false
      },
      {
        "text": "20 Ingram Street Forest Hills Queens",
        "alias": "from",
        "meta": "@sys.location",
        "userDefined": true
      },
      {
        "text": " to ",
        "userDefined": false
      },
      {
        "text": "1313 Webfoot Walk Duckburg Calisota",
        "alias": "to",
        "meta": "@sys.location",
        "userDefined": true
      }
    ],
    "isTemplate": false,
    "count": 0,
    "updated": 0
  },
  {
    "id": "9d651028-7b9a-4b9d-92f8-2d8d9625c3d2",
    "data": [
      {
        "text": "navigate me to the ",
        "userDefined": false
      },
      {
        "text": "nearest",
        "alias": "sort",
        "meta": "@map-sort",
        "userDefined": true
      },
      {
        "text": " ",
        "userDefined": false
      },
      {
        "text": "restaurant",
        "alias": "to",
        "meta": "@sys.location",
        "userDefined": true
      }
    ],
    "isTemplate": false,
    "count": 0,
    "updated": 0
  },
  {
    "id": "bd27941f-c18d-4891-8b8b-356710aed1ad",
    "data": [
      {
        "text": "go ",
        "userDefined": false
      },
      {
        "text": "home",
        "alias": "to",
        "meta": "@sys.location",
        "userDefined": true
      },
      {
        "text": " please",
        "userDefined": false
      }
    ],
    "isTemplate": false,
    "count": 0,
    "updated": 0
  },
  {
    "id": "e25d9c79-c102-4a01-bed9-a5a049eb634a",
    "data": [
      {
        "text": "navigate to the ",
        "userDefined": false
      },
      {
        "text": "closest",
        "alias": "sort",
        "meta": "@map-sort",
        "userDefined": true
      },
      {
        "text": " ",
        "userDefined": false
      },
      {
        "text": "sushi bar",
        "alias": "to",
        "meta": "@sys.location",
        "userDefined": true
      },
      {
        "text": " you can find",
        "userDefined": false
      }
    ],
    "isTemplate": false,
    "count": 0,
    "updated": 0
  },
  {
    "id": "a5b722a6-ffe2-4397-a067-ab4250a038c2",
    "data": [
      {
        "text": "start navigation to ",
        "userDefined": false
      },
      {
        "text": "petrol station",
        "alias": "to",
        "meta": "@sys.location",
        "userDefined": true
      }
    ],
    "isTemplate": false,
    "count": 0,
    "updated": 0
  },
  {
    "id": "d79ba8fb-f9f5-49ed-885e-40356c276c18",
    "data": [
      {
        "text": "navigation from ",
        "userDefined": false
      },
      {
        "text": "Skypad Apartments Orbit City",
        "alias": "from",
        "meta": "@sys.location",
        "userDefined": true
      },
      {
        "text": " to ",
        "userDefined": false
      },
      {
        "text": "17 Cherry Tree Lane",
        "alias": "to",
        "meta": "@sys.location",
        "userDefined": true
      }
    ],
    "isTemplate": false,
    "count": 0,
    "updated": 0
  }
]