[
  {
    "id": "8dca332d-f0f2-4eb6-a1ba-f5b39937a917",
    "data": [
      {
        "text": "please change name for the reminder",
        "userDefined": false
      }
    ],
    "isTemplate": false,
    "count": 0,
    "updated": 1508454207
  },
  {
    "id": "2889aa5f-6dba-42a9-9349-0052bc692736",
    "data": [
      {
        "text": "change the name",
        "userDefined": false
      }
    ],
    "isTemplate": false,
    "count": 0,
    "updated": 1508454207
  },
  {
    "id": "b0c93733-c3ad-44f5-97f6-90a0544f3623",
    "data": [
      {
        "text": "change reminder\u0027s title",
        "userDefined": false
      }
    ],
    "isTemplate": false,
    "count": 0,
    "updated": 1508523776
  },
  {
    "id": "68313e4f-da01-4e45-a093-af2aef6443e1",
    "data": [
      {
        "text": "rename my reminder about ",
        "userDefined": false
      },
      {
        "text": "cats",
        "alias": "old-name",
        "meta": "@sys.any",
        "userDefined": false
      }
    ],
    "isTemplate": false,
    "count": 1,
    "updated": 0
  },
  {
    "id": "999a751a-1e16-4bc3-b94e-0a92236d610e",
    "data": [
      {
        "text": "rename my reminder",
        "userDefined": false
      }
    ],
    "isTemplate": false,
    "count": 0,
    "updated": 0
  },
  {
    "id": "69056995-5749-465f-a2de-7a39deef81a8",
    "data": [
      {
        "text": "I don\u0027t like the name of this reminder",
        "userDefined": false
      }
    ],
    "isTemplate": false,
    "count": 0,
    "updated": 1508454207
  },
  {
    "id": "3ad740b0-7504-4ebb-beaa-0b6cd8f2da32",
    "data": [
      {
        "text": "rename",
        "userDefined": false
      }
    ],
    "isTemplate": false,
    "count": 0,
    "updated": 1508454207
  },
  {
    "id": "c9166a91-3c92-485e-b101-464ae05449e6",
    "data": [
      {
        "text": "I want ",
        "userDefined": false
      },
      {
        "text": "call",
        "meta": "@sys.ignore",
        "userDefined": false
      },
      {
        "text": " my reminder differently",
        "userDefined": false
      }
    ],
    "isTemplate": false,
    "count": 0,
    "updated": 1508454207
  },
  {
    "id": "bf9a62f4-6162-49bd-88c1-75471bf52d1c",
    "data": [
      {
        "text": "rename reminder",
        "userDefined": false
      }
    ],
    "isTemplate": false,
    "count": 0,
    "updated": 1508454207
  },
  {
    "id": "7a4a9014-2d1c-4e90-8fc6-b517675a54e7",
    "data": [
      {
        "text": "change reminder titled ",
        "userDefined": false
      },
      {
        "text": "feed the dog",
        "alias": "old-name",
        "meta": "@sys.any",
        "userDefined": true
      },
      {
        "text": " to ",
        "userDefined": false
      },
      {
        "text": "cat\u0027s food",
        "alias": "name",
        "meta": "@sys.any",
        "userDefined": false
      }
    ],
    "isTemplate": false,
    "count": 0,
    "updated": 1508523751
  },
  {
    "id": "e6521146-5e21-40f1-8f40-d706b317b0fb",
    "data": [
      {
        "text": "change the name of my reminder",
        "userDefined": false
      }
    ],
    "isTemplate": false,
    "count": 1,
    "updated": 1508454207
  },
  {
    "id": "57d12d40-4ff1-44c1-95ce-c63e596c2953",
    "data": [
      {
        "text": "rename the reminder ",
        "userDefined": false
      },
      {
        "text": "wash my flat",
        "alias": "old-name",
        "meta": "@sys.any",
        "userDefined": true
      },
      {
        "text": " to ",
        "userDefined": false
      },
      {
        "text": "wash my car",
        "alias": "name",
        "meta": "@sys.any",
        "userDefined": false
      }
    ],
    "isTemplate": false,
    "count": 0,
    "updated": 1508524070
  },
  {
    "id": "03dd4b7b-92da-4da5-8bed-d46c00a0df27",
    "data": [
      {
        "text": "rename reminder about ",
        "userDefined": false
      },
      {
        "text": "pills",
        "alias": "old-name",
        "meta": "@sys.any",
        "userDefined": false
      },
      {
        "text": " to ",
        "userDefined": false
      },
      {
        "text": "eat apples",
        "alias": "name",
        "meta": "@sys.any",
        "userDefined": true
      }
    ],
    "isTemplate": false,
    "count": 0,
    "updated": 1508523667
  },
  {
    "id": "d52cde2f-00b8-4f48-80ed-f94690fd1c17",
    "data": [
      {
        "text": "reminder about ",
        "userDefined": false
      },
      {
        "text": "running",
        "alias": "old-name",
        "meta": "@sys.any",
        "userDefined": false
      },
      {
        "text": " should be renamed to ",
        "userDefined": false
      },
      {
        "text": "yoga",
        "alias": "name",
        "meta": "@sys.any",
        "userDefined": true
      }
    ],
    "isTemplate": false,
    "count": 0,
    "updated": 1508454379
  },
  {
    "id": "735532b2-ad33-4e84-baea-a1ef291d1c10",
    "data": [
      {
        "text": "change name for reminder about ",
        "userDefined": false
      },
      {
        "text": "visiting my parents",
        "alias": "old-name",
        "meta": "@sys.any",
        "userDefined": false
      }
    ],
    "isTemplate": false,
    "count": 0,
    "updated": 1508523844
  },
  {
    "id": "3d321fdb-cc62-496e-9f88-3f777175ddba",
    "data": [
      {
        "text": "edit reminder with the title pills",
        "userDefined": false
      }
    ],
    "isTemplate": false,
    "count": 0,
    "updated": 1508523776
  }
]