[
  {
    "id": "da28f86b-32ae-4d0e-9dfc-e2e7e9cc43da",
    "data": [
      {
        "text": "and for ",
        "userDefined": false
      },
      {
        "text": "every Friday",
        "alias": "recurrence",
        "meta": "@recurrence",
        "userDefined": false
      }
    ],
    "isTemplate": false,
    "count": 0,
    "updated": 0
  },
  {
    "id": "c22f632c-a59c-484c-b06b-de7c7334b8a7",
    "data": [
      {
        "text": "and ",
        "userDefined": false
      },
      {
        "text": "the one",
        "meta": "@sys.ignore",
        "userDefined": false
      },
      {
        "text": " sheduled for ",
        "userDefined": false
      },
      {
        "text": "every day",
        "alias": "recurrence",
        "meta": "@recurrence",
        "userDefined": false
      }
    ],
    "isTemplate": false,
    "count": 0,
    "updated": 0
  },
  {
    "id": "3bd9e1d7-7066-45ea-8e0e-12faaf7a9196",
    "data": [
      {
        "text": "one",
        "meta": "@sys.ignore",
        "userDefined": false
      },
      {
        "text": " more for ",
        "userDefined": false
      },
      {
        "text": "Sundays",
        "alias": "recurrence",
        "meta": "@recurrence",
        "userDefined": false
      }
    ],
    "isTemplate": false,
    "count": 0,
    "updated": 0
  },
  {
    "id": "0545144d-bb8b-4efc-a725-c8de019a3753",
    "data": [
      {
        "text": "one",
        "meta": "@sys.ignore",
        "userDefined": false
      },
      {
        "text": " scheduled ",
        "userDefined": false
      },
      {
        "text": "weekly",
        "alias": "recurrence",
        "meta": "@recurrence",
        "userDefined": false
      },
      {
        "text": " as ",
        "userDefined": false
      },
      {
        "text": "well",
        "meta": "@sys.ignore",
        "userDefined": false
      }
    ],
    "isTemplate": false,
    "count": 0,
    "updated": 0
  },
  {
    "id": "71eb2637-ce17-4be9-adce-fbdb2a75f733",
    "data": [
      {
        "text": "plus ",
        "userDefined": false
      },
      {
        "text": "one",
        "meta": "@sys.ignore",
        "userDefined": false
      },
      {
        "text": " for ",
        "userDefined": false
      },
      {
        "text": "mondays",
        "alias": "recurrence",
        "meta": "@recurrence",
        "userDefined": false
      }
    ],
    "isTemplate": false,
    "count": 0,
    "updated": 0
  },
  {
    "id": "5ea14651-1fd7-4db1-b477-0b4748ac4b98",
    "data": [
      {
        "text": "for ",
        "userDefined": false
      },
      {
        "text": "every Tuesday",
        "alias": "recurrence",
        "meta": "@recurrence",
        "userDefined": false
      },
      {
        "text": " too",
        "userDefined": false
      }
    ],
    "isTemplate": false,
    "count": 0,
    "updated": 0
  },
  {
    "id": "9ba8ba5b-7c7a-4e56-8f5c-b9370d72e263",
    "data": [
      {
        "text": "and scheduled for ",
        "userDefined": false
      },
      {
        "text": "Fridays",
        "alias": "recurrence",
        "meta": "@recurrence",
        "userDefined": false
      }
    ],
    "isTemplate": false,
    "count": 0,
    "updated": 0
  },
  {
    "id": "3887bb3a-3a49-4635-b37e-31a99399977f",
    "data": [
      {
        "text": "and ",
        "userDefined": false
      },
      {
        "text": "one",
        "meta": "@sys.ignore",
        "userDefined": false
      },
      {
        "text": " more for ",
        "userDefined": false
      },
      {
        "text": "every weekday",
        "alias": "recurrence",
        "meta": "@recurrence",
        "userDefined": false
      }
    ],
    "isTemplate": false,
    "count": 0,
    "updated": 0
  },
  {
    "id": "9314f988-4b5f-44e7-bb19-b6f9016a8451",
    "data": [
      {
        "text": "now ",
        "userDefined": false
      },
      {
        "text": "the one",
        "meta": "@sys.ignore",
        "userDefined": false
      },
      {
        "text": " for ",
        "userDefined": false
      },
      {
        "text": "each weekend",
        "alias": "recurrence",
        "meta": "@recurrence",
        "userDefined": true
      }
    ],
    "isTemplate": false,
    "count": 0,
    "updated": 0
  },
  {
    "id": "f6d6bbd3-a14d-4ee4-8c7e-49dcb407ba0a",
    "data": [
      {
        "text": "the one",
        "meta": "@sys.ignore",
        "userDefined": false
      },
      {
        "text": " for ",
        "userDefined": false
      },
      {
        "text": "every day",
        "alias": "recurrence",
        "meta": "@recurrence",
        "userDefined": false
      }
    ],
    "isTemplate": false,
    "count": 0,
    "updated": 0
  },
  {
    "id": "a560376e-8fca-46db-815e-d6e29d58cf05",
    "data": [
      {
        "text": "and another ",
        "userDefined": false
      },
      {
        "text": "one",
        "meta": "@sys.ignore",
        "userDefined": false
      },
      {
        "text": " for ",
        "userDefined": false
      },
      {
        "text": "Wednesdays",
        "alias": "recurrence",
        "meta": "@recurrence",
        "userDefined": false
      }
    ],
    "isTemplate": false,
    "count": 0,
    "updated": 0
  }
]