[
  {
    "id": "79773456-f507-4e50-ab24-0fd2923677d1",
    "data": [
      {
        "text": "remind me to ",
        "userDefined": false
      },
      {
        "text": "go to sleep",
        "alias": "name",
        "meta": "@sys.any",
        "userDefined": true
      }
    ],
    "isTemplate": false,
    "count": 0,
    "updated": 1528791111
  },
  {
    "id": "b7e5f031-797b-4e0e-9f71-c98a33b57e4e",
    "data": [
      {
        "text": "remind me at",
        "userDefined": false
      }
    ],
    "isTemplate": false,
    "count": 0,
    "updated": 1528791111
  },
  {
    "id": "55624138-c13f-4979-989b-acda962a5fa4",
    "data": [
      {
        "text": "remind me to ",
        "userDefined": false
      },
      {
        "text": "check my computer",
        "alias": "name",
        "meta": "@sys.any",
        "userDefined": true
      }
    ],
    "isTemplate": false,
    "count": 0,
    "updated": 1528791111
  },
  {
    "id": "444e5f9d-a4a3-471d-a822-3f0ae794799a",
    "data": [
      {
        "text": "set new reminder",
        "userDefined": false
      }
    ],
    "isTemplate": false,
    "count": 0,
    "updated": 1528791111
  },
  {
    "id": "55bb6862-7472-490c-b291-db301106dda1",
    "data": [
      {
        "text": "remind me ",
        "userDefined": false
      },
      {
        "text": "on",
        "meta": "@sys.ignore",
        "userDefined": true
      }
    ],
    "isTemplate": false,
    "count": 0,
    "updated": 1528791111
  },
  {
    "id": "70b05c31-58a7-4560-933a-87f9b01c0f93",
    "data": [
      {
        "text": "I need to add a reminder",
        "userDefined": false
      }
    ],
    "isTemplate": false,
    "count": 0,
    "updated": 1528791111
  },
  {
    "id": "127de5fd-751c-45bd-a7a1-9ac513059352",
    "data": [
      {
        "text": "set reminder for ",
        "userDefined": false
      },
      {
        "text": "tomorrow morning",
        "alias": "date-time",
        "meta": "@sys.date-time",
        "userDefined": true
      }
    ],
    "isTemplate": false,
    "count": 0,
    "updated": 1528791111
  },
  {
    "id": "384344b3-d85b-4eef-aa0b-0144032e20e3",
    "data": [
      {
        "text": "set reminder set reminder",
        "userDefined": false
      }
    ],
    "isTemplate": false,
    "count": 0,
    "updated": 1528791111
  },
  {
    "id": "6c209e1d-0b10-437d-a7af-d6e9580ed376",
    "data": [
      {
        "text": "remind me about something",
        "userDefined": false
      }
    ],
    "isTemplate": false,
    "count": 0,
    "updated": 1528791111
  },
  {
    "id": "e5075f1d-efd7-4e7f-b2d0-da013573dd75",
    "data": [
      {
        "text": "can you remind me ",
        "userDefined": false
      },
      {
        "text": "of",
        "meta": "@sys.ignore",
        "userDefined": true
      },
      {
        "text": " an ",
        "userDefined": false
      },
      {
        "text": "appointment",
        "alias": "name",
        "meta": "@sys.any",
        "userDefined": true
      }
    ],
    "isTemplate": false,
    "count": 0,
    "updated": 1528791111
  },
  {
    "id": "04640cba-0baa-47ef-981a-197bb3171a4c",
    "data": [
      {
        "text": "remind me of a ",
        "userDefined": false
      },
      {
        "text": "meeting",
        "alias": "name",
        "meta": "@sys.any",
        "userDefined": true
      },
      {
        "text": " on the ",
        "userDefined": false
      },
      {
        "text": "27th of August",
        "alias": "date-time",
        "meta": "@sys.date-time",
        "userDefined": true
      }
    ],
    "isTemplate": false,
    "count": 0,
    "updated": 1528791111
  },
  {
    "id": "12126a47-780e-43fb-8532-7a31d129a4f5",
    "data": [
      {
        "text": "can you please remind me to ",
        "userDefined": false
      },
      {
        "text": "take my medication",
        "alias": "name",
        "meta": "@sys.any",
        "userDefined": true
      },
      {
        "text": " ",
        "userDefined": false
      },
      {
        "text": "every morning",
        "alias": "recurrence",
        "meta": "@recurrence",
        "userDefined": true
      },
      {
        "text": " at ",
        "userDefined": false
      },
      {
        "text": "7:00",
        "alias": "date-time",
        "meta": "@sys.date-time",
        "userDefined": true
      }
    ],
    "isTemplate": false,
    "count": 0,
    "updated": 1528791111
  },
  {
    "id": "e159251f-7fbc-48fc-86b2-8e6c9e080621",
    "data": [
      {
        "text": "remind about ",
        "userDefined": false
      },
      {
        "text": "business meeting",
        "alias": "name",
        "meta": "@sys.any",
        "userDefined": true
      },
      {
        "text": " ",
        "userDefined": false
      },
      {
        "text": "every monday",
        "alias": "recurrence",
        "meta": "@recurrence",
        "userDefined": true
      },
      {
        "text": " at ",
        "userDefined": false
      },
      {
        "text": "4 pm",
        "alias": "date-time",
        "meta": "@sys.date-time",
        "userDefined": true
      }
    ],
    "isTemplate": false,
    "count": 0,
    "updated": 1528791111
  },
  {
    "id": "91280ceb-44b7-4377-9ed9-983115fc5394",
    "data": [
      {
        "text": "set reminder for ",
        "userDefined": false
      },
      {
        "text": "every day",
        "alias": "recurrence",
        "meta": "@recurrence",
        "userDefined": true
      }
    ],
    "isTemplate": false,
    "count": 0,
    "updated": 1528791111
  },
  {
    "id": "e739b544-4abc-41b1-ac3b-779baae8238d",
    "data": [
      {
        "text": "can you set up a reminder",
        "userDefined": false
      }
    ],
    "isTemplate": false,
    "count": 0,
    "updated": 1528791111
  },
  {
    "id": "e2a01673-eb50-4d13-9e8f-596c6691f96e",
    "data": [
      {
        "text": "new reminder please",
        "userDefined": false
      }
    ],
    "isTemplate": false,
    "count": 0,
    "updated": 1528791111
  },
  {
    "id": "4ed1b6d2-666a-462a-8a05-39d9d29e93a7",
    "data": [
      {
        "text": "can I make a reminder",
        "userDefined": false
      }
    ],
    "isTemplate": false,
    "count": 0,
    "updated": 1528791111
  },
  {
    "id": "3d479f8a-0684-4bac-bbf5-0774fb55fd44",
    "data": [
      {
        "text": "make another reminder",
        "userDefined": false
      }
    ],
    "isTemplate": false,
    "count": 0,
    "updated": 1528791111
  },
  {
    "id": "78117755-d2b6-496a-893a-4eb21784cf7a",
    "data": [
      {
        "text": "set a reminder ",
        "userDefined": false
      },
      {
        "text": "for 1 hour",
        "alias": "date-time",
        "meta": "@sys.date-time",
        "userDefined": true
      }
    ],
    "isTemplate": false,
    "count": 0,
    "updated": 1528791111
  },
  {
    "id": "9a9445fe-0bde-4e4b-9c1f-dbb45ee298b1",
    "data": [
      {
        "text": "sam",
        "meta": "@sys.ignore",
        "userDefined": true
      },
      {
        "text": " I need a reminder",
        "userDefined": false
      }
    ],
    "isTemplate": false,
    "count": 0,
    "updated": 1528791111
  },
  {
    "id": "f81c87a4-eb39-4fe3-8679-ba94532cebae",
    "data": [
      {
        "text": "remind me to ",
        "userDefined": false
      },
      {
        "text": "go to bed",
        "alias": "name",
        "meta": "@sys.any",
        "userDefined": true
      },
      {
        "text": " ",
        "userDefined": false
      },
      {
        "text": "in 5 minutes",
        "alias": "date-time",
        "meta": "@sys.date-time",
        "userDefined": true
      }
    ],
    "isTemplate": false,
    "count": 1,
    "updated": 1528791111
  },
  {
    "id": "86b4dcf5-56cc-491b-9dff-aae96d1105e0",
    "data": [
      {
        "text": "set reminder for ",
        "userDefined": false
      },
      {
        "text": "7 am tomorrow",
        "alias": "date-time",
        "meta": "@sys.date-time",
        "userDefined": true
      },
      {
        "text": " ",
        "userDefined": false
      },
      {
        "text": "yoga",
        "alias": "name",
        "meta": "@sys.any",
        "userDefined": true
      }
    ],
    "isTemplate": false,
    "count": 0,
    "updated": 1528791111
  },
  {
    "id": "6cb034b5-b0f3-4f32-8a27-eb1a607fb694",
    "data": [
      {
        "text": "new reminder about ",
        "userDefined": false
      },
      {
        "text": "fitness",
        "alias": "name",
        "meta": "@sys.any",
        "userDefined": true
      }
    ],
    "isTemplate": false,
    "count": 0,
    "updated": 1528791111
  },
  {
    "id": "177446cb-33aa-468e-949a-23fe0de5890a",
    "data": [
      {
        "text": "I need to schedule a reminder",
        "userDefined": false
      }
    ],
    "isTemplate": false,
    "count": 0,
    "updated": 1528791111
  },
  {
    "id": "98211222-b0fd-40b4-9ff9-d191b38ef21a",
    "data": [
      {
        "text": "remind me ",
        "userDefined": false
      },
      {
        "text": "10:30 pm",
        "alias": "date-time",
        "meta": "@sys.date-time",
        "userDefined": true
      },
      {
        "text": " to ",
        "userDefined": false
      },
      {
        "text": "close the restaurant",
        "alias": "name",
        "meta": "@sys.any",
        "userDefined": true
      }
    ],
    "isTemplate": false,
    "count": 0,
    "updated": 1528791111
  },
  {
    "id": "934597b0-6f49-47e1-8762-aa9e5648d3b8",
    "data": [
      {
        "text": "set reminder about ",
        "userDefined": false
      },
      {
        "text": "washing car",
        "alias": "name",
        "meta": "@sys.any",
        "userDefined": true
      }
    ],
    "isTemplate": false,
    "count": 0,
    "updated": 1528791111
  },
  {
    "id": "7cd51c98-12eb-4651-b468-018fd1c076e7",
    "data": [
      {
        "text": "remind me once about ",
        "userDefined": false
      },
      {
        "text": "running",
        "alias": "name",
        "meta": "@sys.any",
        "userDefined": true
      }
    ],
    "isTemplate": false,
    "count": 0,
    "updated": 1528791111
  },
  {
    "id": "8ed48a32-fe53-4cf4-81aa-71a4cef0c98b",
    "data": [
      {
        "text": "remind me I have a ",
        "userDefined": false
      },
      {
        "text": "doctor\u0027s appointment",
        "alias": "name",
        "meta": "@sys.any",
        "userDefined": true
      }
    ],
    "isTemplate": false,
    "count": 18,
    "updated": 1528791111
  },
  {
    "id": "5d66a714-020f-45bb-9391-c06e03ab4dce",
    "data": [
      {
        "text": "set reminder ",
        "userDefined": false
      },
      {
        "text": "for 5 minutes",
        "alias": "date-time",
        "meta": "@sys.date-time",
        "userDefined": true
      }
    ],
    "isTemplate": false,
    "count": 0,
    "updated": 1528791111
  },
  {
    "id": "e7f773e3-ea32-4cb7-b2d8-36315d39d910",
    "data": [
      {
        "text": "can I set a reminder",
        "userDefined": false
      }
    ],
    "isTemplate": false,
    "count": 0,
    "updated": 1528791111
  },
  {
    "id": "505985f1-25f6-4462-ab0b-6d42730a72a1",
    "data": [
      {
        "text": "remind me to ",
        "userDefined": false
      },
      {
        "text": "wake up",
        "alias": "name",
        "meta": "@sys.any",
        "userDefined": true
      },
      {
        "text": " at ",
        "userDefined": false
      },
      {
        "text": "7 am",
        "alias": "date-time",
        "meta": "@sys.date-time",
        "userDefined": true
      }
    ],
    "isTemplate": false,
    "count": 0,
    "updated": 1528791111
  },
  {
    "id": "7d76af9f-f466-4c2e-8a9b-349aa98bbe7b",
    "data": [
      {
        "text": "please remind me to ",
        "userDefined": false
      },
      {
        "text": "call",
        "alias": "name",
        "meta": "@sys.any",
        "userDefined": true
      }
    ],
    "isTemplate": false,
    "count": 0,
    "updated": 1528791111
  },
  {
    "id": "6d6ad15b-85ea-407c-bcea-a9dba93cf580",
    "data": [
      {
        "text": "add a new reminder",
        "userDefined": false
      }
    ],
    "isTemplate": false,
    "count": 0,
    "updated": 1528791111
  },
  {
    "id": "1da4d0b1-975d-4b8e-bacb-d9c7fecc01c3",
    "data": [
      {
        "text": "remind me I have a ",
        "userDefined": false
      },
      {
        "text": "meeting",
        "alias": "name",
        "meta": "@sys.any",
        "userDefined": true
      }
    ],
    "isTemplate": false,
    "count": 0,
    "updated": 1528791111
  },
  {
    "id": "15e12b62-588a-425c-90fe-d250dd30d667",
    "data": [
      {
        "text": "remind me ",
        "userDefined": false
      },
      {
        "text": "Friday",
        "alias": "date-time",
        "meta": "@sys.date-time",
        "userDefined": true
      }
    ],
    "isTemplate": false,
    "count": 0,
    "updated": 1528791111
  },
  {
    "id": "49f4eee1-cdda-44de-ba1e-106465c88086",
    "data": [
      {
        "text": "schedule a reminder",
        "userDefined": false
      }
    ],
    "isTemplate": false,
    "count": 0,
    "updated": 1528791111
  },
  {
    "id": "bb3e1441-6dc1-4037-b98b-4911a5fc808a",
    "data": [
      {
        "text": "new reminder for ",
        "userDefined": false
      },
      {
        "text": "every day",
        "alias": "recurrence",
        "meta": "@recurrence",
        "userDefined": true
      }
    ],
    "isTemplate": false,
    "count": 0,
    "updated": 1528791111
  },
  {
    "id": "1d098d99-8cc5-49ba-8804-a3babbabb19b",
    "data": [
      {
        "text": "make reminder",
        "userDefined": false
      }
    ],
    "isTemplate": false,
    "count": 0,
    "updated": 1528791111
  },
  {
    "id": "bce90615-4b5d-4719-ad55-e509de8d5863",
    "data": [
      {
        "text": "can you make me a reminder",
        "userDefined": false
      }
    ],
    "isTemplate": false,
    "count": 0,
    "updated": 1528791111
  },
  {
    "id": "5e434f76-e8d2-4491-aa67-59e8d37aff04",
    "data": [
      {
        "text": "remind me to ",
        "userDefined": false
      },
      {
        "text": "boil water",
        "alias": "name",
        "meta": "@sys.any",
        "userDefined": true
      },
      {
        "text": " ",
        "userDefined": false
      },
      {
        "text": "every morning",
        "alias": "recurrence",
        "meta": "@recurrence",
        "userDefined": true
      },
      {
        "text": " by ",
        "userDefined": false
      },
      {
        "text": "7 a.m.",
        "alias": "date-time",
        "meta": "@sys.date-time",
        "userDefined": true
      }
    ],
    "isTemplate": false,
    "count": 0,
    "updated": 1528791111
  },
  {
    "id": "9e881e73-b619-442c-8dde-12f572b57e28",
    "data": [
      {
        "text": "remind me to ",
        "userDefined": false
      },
      {
        "text": "drink some water",
        "alias": "name",
        "meta": "@sys.any",
        "userDefined": true
      },
      {
        "text": " ",
        "userDefined": false
      },
      {
        "text": "in 5 minutes",
        "alias": "date-time",
        "meta": "@sys.date-time",
        "userDefined": true
      }
    ],
    "isTemplate": false,
    "count": 0,
    "updated": 1528791111
  },
  {
    "id": "4f8a16c6-6688-4c09-bd73-2d7b6ecd679f",
    "data": [
      {
        "text": "remind me at ",
        "userDefined": false
      },
      {
        "text": "11 o\u0027clock in the morning",
        "alias": "date-time",
        "meta": "@sys.date-time",
        "userDefined": true
      }
    ],
    "isTemplate": false,
    "count": 0,
    "updated": 1528791111
  },
  {
    "id": "0cc4cba7-1b12-49de-a268-1e2d1073e790",
    "data": [
      {
        "text": "remind me to ",
        "userDefined": false
      },
      {
        "text": "call someone",
        "alias": "name",
        "meta": "@sys.any",
        "userDefined": true
      },
      {
        "text": " ",
        "userDefined": false
      },
      {
        "text": "everyday",
        "alias": "recurrence",
        "meta": "@recurrence",
        "userDefined": true
      },
      {
        "text": " at ",
        "userDefined": false
      },
      {
        "text": "4 p.m.",
        "alias": "date-time",
        "meta": "@sys.date-time",
        "userDefined": true
      }
    ],
    "isTemplate": false,
    "count": 4,
    "updated": 1528791111
  },
  {
    "id": "20aa51d4-5961-416d-8f0d-24062c6bf507",
    "data": [
      {
        "text": "remind me at ",
        "userDefined": false
      },
      {
        "text": "1 p.m.",
        "alias": "date-time",
        "meta": "@sys.date-time",
        "userDefined": true
      },
      {
        "text": " that ",
        "userDefined": false
      },
      {
        "text": "I have to eat",
        "alias": "name",
        "meta": "@sys.any",
        "userDefined": true
      }
    ],
    "isTemplate": false,
    "count": 4,
    "updated": 1528791111
  },
  {
    "id": "0ad3d07c-21a7-47eb-8502-d0c69e08407b",
    "data": [
      {
        "text": "please remind me to",
        "userDefined": false
      }
    ],
    "isTemplate": false,
    "count": 0,
    "updated": 1528791111
  },
  {
    "id": "a33ed2ae-1b6c-4ce2-92f4-6507101a736a",
    "data": [
      {
        "text": "remind me ",
        "userDefined": false
      },
      {
        "text": "on Thursday",
        "alias": "date-time",
        "meta": "@sys.date-time",
        "userDefined": true
      }
    ],
    "isTemplate": false,
    "count": 0,
    "updated": 1528791111
  },
  {
    "id": "c446f960-b8ed-44b2-ad02-b4b6880535f9",
    "data": [
      {
        "text": "remind me for ",
        "userDefined": false
      },
      {
        "text": "tomorrow",
        "alias": "date-time",
        "meta": "@sys.date-time",
        "userDefined": true
      }
    ],
    "isTemplate": false,
    "count": 0,
    "updated": 1528791111
  },
  {
    "id": "2ed9552d-083f-4b28-90de-e1beaf00cdd5",
    "data": [
      {
        "text": "set up reminder",
        "userDefined": false
      }
    ],
    "isTemplate": false,
    "count": 0,
    "updated": 1528791111
  },
  {
    "id": "86c11d68-37c5-4922-b16f-1db4fbcd7b89",
    "data": [
      {
        "text": "reminder for me",
        "userDefined": false
      }
    ],
    "isTemplate": false,
    "count": 0,
    "updated": 1528791111
  },
  {
    "id": "7d1f1729-3703-481a-b27a-017b78e868eb",
    "data": [
      {
        "text": "remind me to ",
        "userDefined": false
      },
      {
        "text": "wake up",
        "alias": "name",
        "meta": "@sys.any",
        "userDefined": true
      },
      {
        "text": " ",
        "userDefined": false
      },
      {
        "text": "tomorrow",
        "alias": "date-time",
        "meta": "@sys.date-time",
        "userDefined": true
      }
    ],
    "isTemplate": false,
    "count": 0,
    "updated": 1528791111
  },
  {
    "id": "4de190a1-74d8-4590-90ed-4638bd369317",
    "data": [
      {
        "text": "remind ",
        "userDefined": false
      },
      {
        "text": "me",
        "meta": "@sys.ignore",
        "userDefined": true
      },
      {
        "text": " ",
        "userDefined": false
      },
      {
        "text": "about",
        "meta": "@sys.ignore",
        "userDefined": true
      },
      {
        "text": " the ",
        "userDefined": false
      },
      {
        "text": "parent/teacher meeting",
        "alias": "name",
        "meta": "@sys.any",
        "userDefined": true
      },
      {
        "text": " on ",
        "userDefined": false
      },
      {
        "text": "Friday",
        "alias": "date-time",
        "meta": "@sys.date-time",
        "userDefined": true
      }
    ],
    "isTemplate": false,
    "count": 0,
    "updated": 1528791111
  },
  {
    "id": "fe70292b-40b0-4933-83b9-bb51d817b302",
    "data": [
      {
        "text": "remind me to ",
        "userDefined": false
      },
      {
        "text": "pick up Joe",
        "alias": "name",
        "meta": "@sys.any",
        "userDefined": true
      },
      {
        "text": " ",
        "userDefined": false
      },
      {
        "text": "in 30 minutes",
        "alias": "date-time",
        "meta": "@sys.date-time",
        "userDefined": true
      }
    ],
    "isTemplate": false,
    "count": 0,
    "updated": 1528791111
  },
  {
    "id": "20a9ef01-8fcd-43ad-9d47-40b4524171a4",
    "data": [
      {
        "text": "can you make a reminder",
        "userDefined": false
      }
    ],
    "isTemplate": false,
    "count": 0,
    "updated": 1528791111
  },
  {
    "id": "58924b82-f91a-4d7f-887f-9ac27005f906",
    "data": [
      {
        "text": "remind ",
        "userDefined": false
      },
      {
        "text": "me",
        "meta": "@sys.ignore",
        "userDefined": false
      },
      {
        "text": " that ",
        "userDefined": false
      },
      {
        "text": "I have",
        "meta": "@sys.ignore",
        "userDefined": false
      },
      {
        "text": " a ",
        "userDefined": false
      },
      {
        "text": "doctor\u0027s appointment",
        "alias": "name",
        "meta": "@sys.any",
        "userDefined": false
      }
    ],
    "isTemplate": false,
    "count": 0,
    "updated": 1528791111
  },
  {
    "id": "124fce07-bba9-43e7-9b0e-8bd96be1f18f",
    "data": [
      {
        "text": "can I add a reminder",
        "userDefined": false
      }
    ],
    "isTemplate": false,
    "count": 0,
    "updated": 1528791111
  },
  {
    "id": "a06f7186-426d-41e2-ab2e-4c2bf0847b1e",
    "data": [
      {
        "text": "need to set a reminder",
        "userDefined": false
      }
    ],
    "isTemplate": false,
    "count": 0,
    "updated": 1528791111
  },
  {
    "id": "a934a1cf-6ef2-4a66-ac46-80bb41bdb974",
    "data": [
      {
        "text": "can you put a reminder",
        "userDefined": false
      }
    ],
    "isTemplate": false,
    "count": 0,
    "updated": 1528791111
  },
  {
    "id": "7b9d98b3-951a-4081-8642-05c034fb4adf",
    "data": [
      {
        "text": "set reminder for ",
        "userDefined": false
      },
      {
        "text": "dinner with Tom",
        "alias": "name",
        "meta": "@sys.any",
        "userDefined": true
      },
      {
        "text": " please",
        "userDefined": false
      }
    ],
    "isTemplate": false,
    "count": 0,
    "updated": 1528791111
  },
  {
    "id": "e1fd2358-23d7-4c7c-ae4f-0d8737aa0c7f",
    "data": [
      {
        "text": "I need a reminder set",
        "userDefined": false
      }
    ],
    "isTemplate": false,
    "count": 0,
    "updated": 1528791111
  },
  {
    "id": "7295d6ec-56d0-4b5e-b59c-f06738348622",
    "data": [
      {
        "text": "remind me ",
        "userDefined": false
      },
      {
        "text": "of",
        "meta": "@sys.ignore",
        "userDefined": true
      },
      {
        "text": " ",
        "userDefined": false
      },
      {
        "text": "blood brothers",
        "alias": "name",
        "meta": "@sys.any",
        "userDefined": true
      }
    ],
    "isTemplate": false,
    "count": 0,
    "updated": 1528791111
  },
  {
    "id": "45c61001-d09e-4b24-829f-083d7c59cebb",
    "data": [
      {
        "text": "remind me ",
        "userDefined": false
      },
      {
        "text": "everyday",
        "alias": "recurrence",
        "meta": "@recurrence",
        "userDefined": true
      }
    ],
    "isTemplate": false,
    "count": 0,
    "updated": 1528791111
  },
  {
    "id": "1fe338a5-3df3-4fef-a91d-e42ca20f1daf",
    "data": [
      {
        "text": "don",
        "meta": "@sys.ignore",
        "userDefined": true
      },
      {
        "text": "\u0027t forget to remind me",
        "userDefined": false
      }
    ],
    "isTemplate": false,
    "count": 0,
    "updated": 1528791111
  },
  {
    "id": "76c0eb49-b925-4a50-99f0-b13819cb1431",
    "data": [
      {
        "text": "remind me ",
        "userDefined": false
      },
      {
        "text": "from monday till wednesday",
        "alias": "date-time",
        "meta": "@sys.date-time",
        "userDefined": true
      }
    ],
    "isTemplate": false,
    "count": 0,
    "updated": 1528791111
  },
  {
    "id": "cc9e74e2-d566-4a34-b67b-a727d4f18be2",
    "data": [
      {
        "text": "set the reminder",
        "userDefined": false
      }
    ],
    "isTemplate": false,
    "count": 0,
    "updated": 1528791111
  },
  {
    "id": "cd7cec52-11d8-41f5-9d45-70d47e9a7197",
    "data": [
      {
        "text": "remind me",
        "userDefined": false
      }
    ],
    "isTemplate": false,
    "count": 0,
    "updated": 1528791111
  },
  {
    "id": "f719c054-ae89-42fa-9c59-e0620074da3a",
    "data": [
      {
        "text": "remind me to ",
        "userDefined": false
      },
      {
        "text": "call mom",
        "alias": "name",
        "meta": "@sys.any",
        "userDefined": true
      },
      {
        "text": " on ",
        "userDefined": false
      },
      {
        "text": "Christmas",
        "alias": "date-time",
        "meta": "@sys.date-time",
        "userDefined": true
      }
    ],
    "isTemplate": false,
    "count": 0,
    "updated": 1528791111
  },
  {
    "id": "a6b6cb08-9279-4b92-b93a-efac029c2816",
    "data": [
      {
        "text": "I need a reminder for ",
        "userDefined": false
      },
      {
        "text": "today",
        "alias": "date-time",
        "meta": "@sys.date-time",
        "userDefined": true
      }
    ],
    "isTemplate": false,
    "count": 1,
    "updated": 1528791111
  },
  {
    "id": "f1a9dc46-fa86-4fc1-94cb-76bfeac8f8b2",
    "data": [
      {
        "text": "reminder set",
        "userDefined": false
      }
    ],
    "isTemplate": false,
    "count": 0,
    "updated": 1528791111
  },
  {
    "id": "7cbdb655-6642-4f78-85d5-033e90e1aa2c",
    "data": [
      {
        "text": "I need to set up a reminder",
        "userDefined": false
      }
    ],
    "isTemplate": false,
    "count": 0,
    "updated": 1528791111
  },
  {
    "id": "40aabbe6-ae43-438f-9033-bb1324c44f18",
    "data": [
      {
        "text": "I want a reminder",
        "userDefined": false
      }
    ],
    "isTemplate": false,
    "count": 0,
    "updated": 1528791111
  },
  {
    "id": "5dd0a0cf-82ed-433e-b016-0d240e57e646",
    "data": [
      {
        "text": "ok remind me",
        "userDefined": false
      }
    ],
    "isTemplate": false,
    "count": 0,
    "updated": 1528791111
  },
  {
    "id": "1924238e-cc74-41b3-9520-935a84107939",
    "data": [
      {
        "text": "remind me to ",
        "userDefined": false
      },
      {
        "text": "work out",
        "alias": "name",
        "meta": "@sys.any",
        "userDefined": true
      }
    ],
    "isTemplate": false,
    "count": 0,
    "updated": 1528791111
  },
  {
    "id": "2efe127d-47f5-454b-bf7f-e1d3c15c7f51",
    "data": [
      {
        "text": "set reminder ",
        "userDefined": false
      },
      {
        "text": "buy milk",
        "alias": "name",
        "meta": "@sys.any",
        "userDefined": true
      },
      {
        "text": " on ",
        "userDefined": false
      },
      {
        "text": "November 11 at 5 pm",
        "alias": "date-time",
        "meta": "@sys.date-time",
        "userDefined": true
      }
    ],
    "isTemplate": false,
    "count": 0,
    "updated": 1528791111
  },
  {
    "id": "63ad69dd-da84-4b78-bd94-9bcb0b3c68cd",
    "data": [
      {
        "text": "please set reminder",
        "userDefined": false
      }
    ],
    "isTemplate": false,
    "count": 0,
    "updated": 1528791111
  },
  {
    "id": "7451a729-16ff-4404-92a5-c6c009725596",
    "data": [
      {
        "text": "can you set reminder",
        "userDefined": false
      }
    ],
    "isTemplate": false,
    "count": 0,
    "updated": 1528791111
  },
  {
    "id": "bb3bb1ae-76dc-43b6-a884-d04feec5e0a1",
    "data": [
      {
        "text": "remind me to ",
        "userDefined": false
      },
      {
        "text": "study",
        "alias": "name",
        "meta": "@sys.any",
        "userDefined": true
      },
      {
        "text": " ",
        "userDefined": false
      },
      {
        "text": "tomorrow",
        "alias": "date-time",
        "meta": "@sys.date-time",
        "userDefined": true
      }
    ],
    "isTemplate": false,
    "count": 0,
    "updated": 1528791111
  },
  {
    "id": "7e9ddf11-550b-4c5e-a32f-82554a5987e1",
    "data": [
      {
        "text": "I would like to set a reminder",
        "userDefined": false
      }
    ],
    "isTemplate": false,
    "count": 0,
    "updated": 1528791111
  },
  {
    "id": "53468b7d-ce90-45c1-a55b-c572f8fe107a",
    "data": [
      {
        "text": "can you remind me to",
        "userDefined": false
      }
    ],
    "isTemplate": false,
    "count": 0,
    "updated": 1528791111
  },
  {
    "id": "77a85eaf-cac4-4793-bbf9-40483ff9f92f",
    "data": [
      {
        "text": "remind me about ",
        "userDefined": false
      },
      {
        "text": "dinner",
        "alias": "name",
        "meta": "@sys.any",
        "userDefined": true
      },
      {
        "text": " at ",
        "userDefined": false
      },
      {
        "text": "15.23",
        "alias": "date-time",
        "meta": "@sys.date-time",
        "userDefined": true
      }
    ],
    "isTemplate": false,
    "count": 0,
    "updated": 1528791111
  },
  {
    "id": "282b238f-92b6-4699-a3fb-5ea5d31b3a82",
    "data": [
      {
        "text": "I would like to add a reminder",
        "userDefined": false
      }
    ],
    "isTemplate": false,
    "count": 0,
    "updated": 1528791111
  },
  {
    "id": "ab4559c4-53b2-47a8-aef1-258f5a34f4f6",
    "data": [
      {
        "text": "remind me to ",
        "userDefined": false
      },
      {
        "text": "buy shoes in Paris",
        "alias": "name",
        "meta": "@sys.any",
        "userDefined": true
      }
    ],
    "isTemplate": false,
    "count": 0,
    "updated": 1528791111
  },
  {
    "id": "063e5d85-bcc3-4e9e-9981-0e211cb9f375",
    "data": [
      {
        "text": "I need a reminder",
        "userDefined": false
      }
    ],
    "isTemplate": false,
    "count": 0,
    "updated": 1528791111
  },
  {
    "id": "da3b9987-b8c4-4dfc-8557-aff91afee5a0",
    "data": [
      {
        "text": "okay remind me",
        "userDefined": false
      }
    ],
    "isTemplate": false,
    "count": 0,
    "updated": 1528791111
  },
  {
    "id": "2fddc80a-804b-4e76-a255-08894ff49cdf",
    "data": [
      {
        "text": "remind me to ",
        "userDefined": false
      },
      {
        "text": "turn off my phone",
        "alias": "name",
        "meta": "@sys.any",
        "userDefined": true
      },
      {
        "text": " ",
        "userDefined": false
      },
      {
        "text": "every day",
        "alias": "recurrence",
        "meta": "@recurrence",
        "userDefined": true
      },
      {
        "text": " at ",
        "userDefined": false
      },
      {
        "text": "11 pm",
        "alias": "date-time",
        "meta": "@sys.date-time",
        "userDefined": true
      }
    ],
    "isTemplate": false,
    "count": 0,
    "updated": 1528791111
  },
  {
    "id": "dfdeb941-e89f-466f-8813-39719779b1c9",
    "data": [
      {
        "text": "remind me to ",
        "userDefined": false
      },
      {
        "text": "buy milk",
        "alias": "name",
        "meta": "@sys.any",
        "userDefined": true
      },
      {
        "text": " on ",
        "userDefined": false
      },
      {
        "text": "Tuesday at 8 pm",
        "alias": "date-time",
        "meta": "@sys.date-time",
        "userDefined": true
      }
    ],
    "isTemplate": false,
    "count": 0,
    "updated": 1528791111
  },
  {
    "id": "22685413-6259-4058-9237-84070804d174",
    "data": [
      {
        "text": "can you set reminders for me",
        "userDefined": false
      }
    ],
    "isTemplate": false,
    "count": 0,
    "updated": 1528791111
  },
  {
    "id": "6a05343b-88ad-424d-bcce-44e58f74e0d0",
    "data": [
      {
        "text": "set reminder for me",
        "userDefined": false
      }
    ],
    "isTemplate": false,
    "count": 0,
    "updated": 1528791111
  },
  {
    "id": "fb0d7dec-fa62-4b11-b9c1-59142382abca",
    "data": [
      {
        "text": "reminder",
        "userDefined": false
      }
    ],
    "isTemplate": false,
    "count": 0,
    "updated": 1528791111
  },
  {
    "id": "2c47326d-bffe-43fc-a1a9-39804bb825dd",
    "data": [
      {
        "text": "add reminder",
        "userDefined": false
      }
    ],
    "isTemplate": false,
    "count": 0,
    "updated": 1528791111
  },
  {
    "id": "0a554e49-d13b-46c5-b812-54d6300b2659",
    "data": [
      {
        "text": "remind me ",
        "userDefined": false
      },
      {
        "text": "the day before",
        "alias": "date-time",
        "meta": "@sys.date-time",
        "userDefined": true
      }
    ],
    "isTemplate": false,
    "count": 0,
    "updated": 1528791111
  },
  {
    "id": "b0dabd5a-89eb-41be-86b1-acb5344cd165",
    "data": [
      {
        "text": "add new reminder",
        "userDefined": false
      }
    ],
    "isTemplate": false,
    "count": 0,
    "updated": 1528791111
  },
  {
    "id": "a8d682e2-706d-438d-9148-4222dd2bc4df",
    "data": [
      {
        "text": "I need you to set a reminder for me",
        "userDefined": false
      }
    ],
    "isTemplate": false,
    "count": 0,
    "updated": 1528791111
  },
  {
    "id": "26482038-944a-44f7-8839-07dacba6e2f2",
    "data": [
      {
        "text": "remind me ",
        "userDefined": false
      },
      {
        "text": "tomorrow",
        "alias": "date-time",
        "meta": "@sys.date-time",
        "userDefined": true
      }
    ],
    "isTemplate": false,
    "count": 0,
    "updated": 1528791111
  },
  {
    "id": "9456fe53-dd30-4ef6-879f-944baae27870",
    "data": [
      {
        "text": "remind me to ",
        "userDefined": false
      },
      {
        "text": "wake up",
        "alias": "name",
        "meta": "@sys.any",
        "userDefined": true
      },
      {
        "text": " at ",
        "userDefined": false
      },
      {
        "text": "6 am",
        "alias": "date-time",
        "meta": "@sys.date-time",
        "userDefined": true
      }
    ],
    "isTemplate": false,
    "count": 0,
    "updated": 1528791111
  },
  {
    "id": "1793c22b-7e8e-46f9-9b4d-2c75fa2cb868",
    "data": [
      {
        "text": "remind me to ",
        "userDefined": false
      },
      {
        "text": "take medicine",
        "alias": "name",
        "meta": "@sys.any",
        "userDefined": true
      }
    ],
    "isTemplate": false,
    "count": 0,
    "updated": 1528791111
  },
  {
    "id": "6d5f1527-0d4e-4c77-a7ab-cb8899a1edfa",
    "data": [
      {
        "text": "add reminder with title ",
        "userDefined": false
      },
      {
        "text": "washing car",
        "alias": "name",
        "meta": "@sys.any",
        "userDefined": true
      }
    ],
    "isTemplate": false,
    "count": 0,
    "updated": 1528791111
  },
  {
    "id": "f13dc661-07e8-4381-8527-da9ef3418d2c",
    "data": [
      {
        "text": "remind me to ",
        "userDefined": false
      },
      {
        "text": "vitamin D",
        "alias": "name",
        "meta": "@sys.any",
        "userDefined": true
      },
      {
        "text": " at ",
        "userDefined": false
      },
      {
        "text": "7 pm",
        "alias": "date-time",
        "meta": "@sys.date-time",
        "userDefined": true
      },
      {
        "text": " ",
        "userDefined": false
      },
      {
        "text": "every day",
        "alias": "recurrence",
        "meta": "@recurrence",
        "userDefined": true
      }
    ],
    "isTemplate": false,
    "count": 0,
    "updated": 1528791111
  },
  {
    "id": "5a35bbd2-1995-4f48-a27e-5fe02424f171",
    "data": [
      {
        "text": "will",
        "meta": "@sys.ignore",
        "userDefined": true
      },
      {
        "text": " you set a reminder for me",
        "userDefined": false
      }
    ],
    "isTemplate": false,
    "count": 0,
    "updated": 1528791111
  },
  {
    "id": "40ae0b95-e393-4ad1-b1c4-e9f9a9edde57",
    "data": [
      {
        "text": "remind me to ",
        "userDefined": false
      },
      {
        "text": "visit my family",
        "alias": "name",
        "meta": "@sys.any",
        "userDefined": true
      },
      {
        "text": " on ",
        "userDefined": false
      },
      {
        "text": "Thanksgiving day",
        "alias": "date-time",
        "meta": "@sys.date-time",
        "userDefined": true
      }
    ],
    "isTemplate": false,
    "count": 0,
    "updated": 1528791111
  },
  {
    "id": "0ba65ec6-9365-4275-a5d2-9d638ff7319b",
    "data": [
      {
        "text": "Send me a reminder to ",
        "userDefined": false
      },
      {
        "text": "pay the cable bill",
        "alias": "name",
        "meta": "@sys.any",
        "userDefined": true
      },
      {
        "text": " on ",
        "userDefined": false
      },
      {
        "text": "March 3",
        "alias": "date-time",
        "meta": "@sys.date-time",
        "userDefined": true
      }
    ],
    "isTemplate": false,
    "count": 0,
    "updated": 1528791111
  },
  {
    "id": "a7e76656-e297-4be4-b9ef-8483fc44efbc",
    "data": [
      {
        "text": "remind me ",
        "userDefined": false
      },
      {
        "text": "of",
        "meta": "@sys.ignore",
        "userDefined": true
      },
      {
        "text": " ",
        "userDefined": false
      },
      {
        "text": "appointment",
        "alias": "name",
        "meta": "@sys.any",
        "userDefined": true
      }
    ],
    "isTemplate": false,
    "count": 0,
    "updated": 1528791111
  },
  {
    "id": "e5bf84a5-6dee-4d45-b5ff-cdfdac42ef55",
    "data": [
      {
        "text": "remind me at ",
        "userDefined": false
      },
      {
        "text": "12 o\u0027clock",
        "alias": "date-time",
        "meta": "@sys.date-time",
        "userDefined": true
      }
    ],
    "isTemplate": false,
    "count": 0,
    "updated": 1528791111
  },
  {
    "id": "83341057-04cb-4179-801b-89e715a41bab",
    "data": [
      {
        "text": "set a reminder for me please",
        "userDefined": false
      }
    ],
    "isTemplate": false,
    "count": 0,
    "updated": 1528791111
  },
  {
    "id": "2b973d51-ad9c-4676-914f-c4f8be1412ba",
    "data": [
      {
        "text": "remind me to ",
        "userDefined": false
      },
      {
        "text": "call dad",
        "alias": "name",
        "meta": "@sys.any",
        "userDefined": true
      }
    ],
    "isTemplate": false,
    "count": 0,
    "updated": 1528791111
  },
  {
    "id": "1e954a40-c501-403a-886f-442ec17f3dac",
    "data": [
      {
        "text": "remind ",
        "userDefined": false
      },
      {
        "text": "flight",
        "alias": "name",
        "meta": "@sys.any",
        "userDefined": true
      },
      {
        "text": " at ",
        "userDefined": false
      },
      {
        "text": "6 am",
        "alias": "date-time",
        "meta": "@sys.date-time",
        "userDefined": true
      }
    ],
    "isTemplate": false,
    "count": 0,
    "updated": 1528791111
  },
  {
    "id": "f8f2425c-ba5a-4a2f-b34f-2aa922e3a713",
    "data": [
      {
        "text": "remind me at ",
        "userDefined": false
      },
      {
        "text": "2:35 p.m. tomorrow",
        "alias": "date-time",
        "meta": "@sys.date-time",
        "userDefined": true
      },
      {
        "text": " to ",
        "userDefined": false
      },
      {
        "text": "not park in the back parking lot",
        "alias": "name",
        "meta": "@sys.any",
        "userDefined": true
      }
    ],
    "isTemplate": false,
    "count": 0,
    "updated": 1528791111
  },
  {
    "id": "909360b3-524c-48c3-b955-786740916c36",
    "data": [
      {
        "text": "set a reminder please",
        "userDefined": false
      }
    ],
    "isTemplate": false,
    "count": 0,
    "updated": 1528791111
  },
  {
    "id": "201585fc-b5a7-4c03-b2ff-e3b63a0ad592",
    "data": [
      {
        "text": "add a reminder",
        "userDefined": false
      }
    ],
    "isTemplate": false,
    "count": 0,
    "updated": 1528791111
  },
  {
    "id": "081bc303-0a5a-4f61-9674-f97c8a148b80",
    "data": [
      {
        "text": "remind me to ",
        "userDefined": false
      },
      {
        "text": "book a parking spot for my Carnival Cruise",
        "alias": "name",
        "meta": "@sys.any",
        "userDefined": true
      }
    ],
    "isTemplate": false,
    "count": 0,
    "updated": 1528791111
  },
  {
    "id": "07232f8d-c252-4b9e-8330-b0a9d6e7d7ec",
    "data": [
      {
        "text": "set a reminder for",
        "userDefined": false
      }
    ],
    "isTemplate": false,
    "count": 0,
    "updated": 1528791111
  },
  {
    "id": "aac5378f-6f0c-4a4f-955a-4785d5d4b51b",
    "data": [
      {
        "text": "add to reminder",
        "userDefined": false
      }
    ],
    "isTemplate": false,
    "count": 0,
    "updated": 1528791111
  },
  {
    "id": "4293770a-9b74-43c3-9611-b26af10ac8bb",
    "data": [
      {
        "text": "set reminder for ",
        "userDefined": false
      },
      {
        "text": "7 am tomorrow",
        "alias": "date-time",
        "meta": "@sys.date-time",
        "userDefined": true
      },
      {
        "text": " about ",
        "userDefined": false
      },
      {
        "text": "dinner",
        "alias": "name",
        "meta": "@sys.any",
        "userDefined": true
      },
      {
        "text": " please",
        "userDefined": false
      }
    ],
    "isTemplate": false,
    "count": 0,
    "updated": 1528791111
  },
  {
    "id": "de70b7bf-efd6-4214-bc83-cfe3ffcc2e56",
    "data": [
      {
        "text": "can you set a reminder for me ",
        "userDefined": false
      },
      {
        "text": "tomorrow",
        "alias": "date-time",
        "meta": "@sys.date-time",
        "userDefined": true
      }
    ],
    "isTemplate": false,
    "count": 0,
    "updated": 1528791111
  },
  {
    "id": "90e86b15-8ce3-4a1e-a3a5-292661a18d25",
    "data": [
      {
        "text": "remind me to ",
        "userDefined": false
      },
      {
        "text": "deliver to Saint Barbara Catholic Church",
        "alias": "name",
        "meta": "@sys.any",
        "userDefined": true
      },
      {
        "text": " on ",
        "userDefined": false
      },
      {
        "text": "Friday 9 to 9:30",
        "alias": "date-time",
        "meta": "@sys.date-time",
        "userDefined": true
      }
    ],
    "isTemplate": false,
    "count": 0,
    "updated": 1528791111
  },
  {
    "id": "3a479fc2-26d8-459c-8245-d0c4b011d55a",
    "data": [
      {
        "text": "can you set me a reminder",
        "userDefined": false
      }
    ],
    "isTemplate": false,
    "count": 0,
    "updated": 1528791111
  },
  {
    "id": "2ce3317c-fc0c-402e-9425-a993386fabfc",
    "data": [
      {
        "text": "schedule reminders",
        "userDefined": false
      }
    ],
    "isTemplate": false,
    "count": 0,
    "updated": 1528791111
  },
  {
    "id": "33cc2be6-fdb5-410e-aabc-4053d14150d3",
    "data": [
      {
        "text": "set a reminder for ",
        "userDefined": false
      },
      {
        "text": "8 am",
        "alias": "date-time",
        "meta": "@sys.date-time",
        "userDefined": true
      }
    ],
    "isTemplate": false,
    "count": 0,
    "updated": 1528791111
  },
  {
    "id": "c85b8bc7-b8e3-474a-84c7-1da77dab51f4",
    "data": [
      {
        "text": "remind me to ",
        "userDefined": false
      },
      {
        "text": "feed my cat",
        "alias": "name",
        "meta": "@sys.any",
        "userDefined": true
      },
      {
        "text": " please",
        "userDefined": false
      }
    ],
    "isTemplate": false,
    "count": 0,
    "updated": 1528791111
  },
  {
    "id": "36a67d24-6613-4a93-bdb8-1bdabe68fc0f",
    "data": [
      {
        "text": "can you remind me to ",
        "userDefined": false
      },
      {
        "text": "read my book wash dishes and sweep the floor",
        "alias": "name",
        "meta": "@sys.any",
        "userDefined": true
      }
    ],
    "isTemplate": false,
    "count": 0,
    "updated": 1528791111
  },
  {
    "id": "ba6bb2dc-21ef-4be2-9883-a413e99589b0",
    "data": [
      {
        "text": "create a reminder for me",
        "userDefined": false
      }
    ],
    "isTemplate": false,
    "count": 0,
    "updated": 1528791111
  },
  {
    "id": "52c8ecde-b6b6-4219-b8ca-fcf42ada3541",
    "data": [
      {
        "text": "I want to make a reminder",
        "userDefined": false
      }
    ],
    "isTemplate": false,
    "count": 0,
    "updated": 1528791111
  },
  {
    "id": "75874ab1-3aad-4bf9-8843-77594537cd87",
    "data": [
      {
        "text": "one",
        "meta": "@sys.ignore",
        "userDefined": true
      },
      {
        "text": " more reminder",
        "userDefined": false
      }
    ],
    "isTemplate": false,
    "count": 0,
    "updated": 1528791111
  },
  {
    "id": "d6fcd708-302c-41ca-856f-8321e2e30944",
    "data": [
      {
        "text": "add reminder for ",
        "userDefined": false
      },
      {
        "text": "meeting",
        "alias": "name",
        "meta": "@sys.any",
        "userDefined": true
      }
    ],
    "isTemplate": false,
    "count": 0,
    "updated": 1528791111
  },
  {
    "id": "d234a5ed-b9c2-43c5-9a1b-eeba3622d2ca",
    "data": [
      {
        "text": "make a reminder for me",
        "userDefined": false
      }
    ],
    "isTemplate": false,
    "count": 0,
    "updated": 1528791111
  },
  {
    "id": "6130179f-64e2-4492-aab3-6302bb7d71e5",
    "data": [
      {
        "text": "set reminder to ",
        "userDefined": false
      },
      {
        "text": "5 pm",
        "alias": "date-time",
        "meta": "@sys.date-time",
        "userDefined": true
      }
    ],
    "isTemplate": false,
    "count": 0,
    "updated": 1528791111
  },
  {
    "id": "e2317032-6d52-4c69-bc71-4c50c12e778f",
    "data": [
      {
        "text": "send me a reminder",
        "userDefined": false
      }
    ],
    "isTemplate": false,
    "count": 0,
    "updated": 1528791111
  },
  {
    "id": "8554ddad-bb5c-4c5c-8526-2b2adcf0fae6",
    "data": [
      {
        "text": "I would like to set up a reminder",
        "userDefined": false
      }
    ],
    "isTemplate": false,
    "count": 0,
    "updated": 1528791111
  },
  {
    "id": "1535143c-b888-4e14-bf14-feb10e35a7de",
    "data": [
      {
        "text": "not now remind me later",
        "userDefined": false
      }
    ],
    "isTemplate": false,
    "count": 0,
    "updated": 1528791111
  },
  {
    "id": "ac6b3801-aa72-4577-a54f-df19e9c05691",
    "data": [
      {
        "text": "schedule reminder",
        "userDefined": false
      }
    ],
    "isTemplate": false,
    "count": 0,
    "updated": 1528791111
  },
  {
    "id": "26fd4ac2-bda7-45a5-a4b1-dc7558d758e4",
    "data": [
      {
        "text": "remind me to ",
        "userDefined": false
      },
      {
        "text": "buy bread",
        "alias": "name",
        "meta": "@sys.any",
        "userDefined": true
      },
      {
        "text": " ",
        "userDefined": false
      },
      {
        "text": "at 11 am tomorrow",
        "alias": "date-time",
        "meta": "@sys.date-time",
        "userDefined": true
      }
    ],
    "isTemplate": false,
    "count": 0,
    "updated": 1528791111
  },
  {
    "id": "71b9e801-e62e-4245-8d81-23bb037d2f72",
    "data": [
      {
        "text": "remind me about ",
        "userDefined": false
      },
      {
        "text": "dinner",
        "alias": "name",
        "meta": "@sys.any",
        "userDefined": true
      },
      {
        "text": " ",
        "userDefined": false
      },
      {
        "text": "in 1m",
        "alias": "date-time",
        "meta": "@sys.date-time",
        "userDefined": true
      }
    ],
    "isTemplate": false,
    "count": 0,
    "updated": 1528791111
  },
  {
    "id": "d965f7df-009e-4798-8b48-a40afb07c4ab",
    "data": [
      {
        "text": "make me a reminder",
        "userDefined": false
      }
    ],
    "isTemplate": false,
    "count": 0,
    "updated": 1528791111
  },
  {
    "id": "dc647057-546b-4231-89ca-69fb1c7a3348",
    "data": [
      {
        "text": "new reminder ",
        "userDefined": false
      },
      {
        "text": "eat an apple",
        "alias": "name",
        "meta": "@sys.any",
        "userDefined": true
      },
      {
        "text": " ",
        "userDefined": false
      },
      {
        "text": "every day",
        "alias": "recurrence",
        "meta": "@recurrence",
        "userDefined": true
      },
      {
        "text": " at ",
        "userDefined": false
      },
      {
        "text": "9 am",
        "alias": "date-time",
        "meta": "@sys.date-time",
        "userDefined": true
      }
    ],
    "isTemplate": false,
    "count": 0,
    "updated": 1528791111
  },
  {
    "id": "6bbba1cf-0818-4860-ae88-7c683aa7f8b4",
    "data": [
      {
        "text": "remind me to ",
        "userDefined": false
      },
      {
        "text": "do homework",
        "alias": "name",
        "meta": "@sys.any",
        "userDefined": true
      },
      {
        "text": " on ",
        "userDefined": false
      },
      {
        "text": "November 11 at 7pm",
        "alias": "date-time",
        "meta": "@sys.date-time",
        "userDefined": true
      }
    ],
    "isTemplate": false,
    "count": 0,
    "updated": 1528791111
  },
  {
    "id": "61a7dbad-32ee-41de-a0c1-2e701bebb7dd",
    "data": [
      {
        "text": "remind me ",
        "userDefined": false
      },
      {
        "text": "everyday",
        "alias": "recurrence",
        "meta": "@recurrence",
        "userDefined": true
      },
      {
        "text": " to ",
        "userDefined": false
      },
      {
        "text": "read a book",
        "alias": "name",
        "meta": "@sys.any",
        "userDefined": true
      },
      {
        "text": " at ",
        "userDefined": false
      },
      {
        "text": "6PM",
        "alias": "date-time",
        "meta": "@sys.date-time",
        "userDefined": true
      }
    ],
    "isTemplate": false,
    "count": 0,
    "updated": 1528791111
  },
  {
    "id": "53c34664-1c35-45ea-9147-99e546554c2f",
    "data": [
      {
        "text": "do",
        "meta": "@sys.ignore",
        "userDefined": true
      },
      {
        "text": " not let me forget to ",
        "userDefined": false
      },
      {
        "text": "water flowers",
        "alias": "name",
        "meta": "@sys.any",
        "userDefined": true
      },
      {
        "text": " at ",
        "userDefined": false
      },
      {
        "text": "7 am tomorrow",
        "alias": "date-time",
        "meta": "@sys.date-time",
        "userDefined": true
      }
    ],
    "isTemplate": false,
    "count": 0,
    "updated": 1528791111
  },
  {
    "id": "9f44e89b-5e5e-46b5-8166-c422e2d73cef",
    "data": [
      {
        "text": "yes please remind me",
        "userDefined": false
      }
    ],
    "isTemplate": false,
    "count": 0,
    "updated": 1528791111
  },
  {
    "id": "561e6ed5-9aab-40c7-9335-cd87b87e766b",
    "data": [
      {
        "text": "remind about ",
        "userDefined": false
      },
      {
        "text": "running",
        "alias": "name",
        "meta": "@sys.any",
        "userDefined": true
      },
      {
        "text": " at ",
        "userDefined": false
      },
      {
        "text": "6 am on 7 december",
        "alias": "date-time",
        "meta": "@sys.date-time",
        "userDefined": true
      }
    ],
    "isTemplate": false,
    "count": 0,
    "updated": 1528791111
  },
  {
    "id": "d6e146e3-176c-4393-92f6-49cddeec23b4",
    "data": [
      {
        "text": "remind ",
        "userDefined": false
      },
      {
        "text": "us",
        "meta": "@sys.ignore",
        "userDefined": true
      }
    ],
    "isTemplate": false,
    "count": 0,
    "updated": 1528791111
  },
  {
    "id": "b0a49717-4a13-491b-a8de-58fb488cd0f5",
    "data": [
      {
        "text": "can you please remind me",
        "userDefined": false
      }
    ],
    "isTemplate": false,
    "count": 0,
    "updated": 1528791111
  },
  {
    "id": "c9ba100b-45c9-498e-8d22-9f747d09e148",
    "data": [
      {
        "text": "remind me ",
        "userDefined": false
      },
      {
        "text": "tomorrow at 9 am",
        "alias": "date-time",
        "meta": "@sys.date-time",
        "userDefined": true
      }
    ],
    "isTemplate": false,
    "count": 0,
    "updated": 1528791111
  },
  {
    "id": "b7ea5b35-734e-4cf6-bee4-f6474cd8ceca",
    "data": [
      {
        "text": "can you set a reminder for me",
        "userDefined": false
      }
    ],
    "isTemplate": false,
    "count": 0,
    "updated": 1528791111
  },
  {
    "id": "f4d93df8-22ad-465a-a431-2a8b2f3e3063",
    "data": [
      {
        "text": "set reminder about ",
        "userDefined": false
      },
      {
        "text": "dog walking",
        "alias": "name",
        "meta": "@sys.any",
        "userDefined": true
      },
      {
        "text": " repeat it ",
        "userDefined": false
      },
      {
        "text": "every day",
        "alias": "recurrence",
        "meta": "@recurrence",
        "userDefined": true
      },
      {
        "text": " at ",
        "userDefined": false
      },
      {
        "text": "9 am",
        "alias": "date-time",
        "meta": "@sys.date-time",
        "userDefined": true
      }
    ],
    "isTemplate": false,
    "count": 0,
    "updated": 1528791111
  },
  {
    "id": "f75b1f7b-c008-4a52-a55a-44499e8057a2",
    "data": [
      {
        "text": "remind me to",
        "userDefined": false
      }
    ],
    "isTemplate": false,
    "count": 0,
    "updated": 1528791111
  },
  {
    "id": "4a6b656a-5d79-4bae-bb5a-a6b73bdf3dc3",
    "data": [
      {
        "text": "remind me to ",
        "userDefined": false
      },
      {
        "text": "wear green on st. patrick’s day",
        "alias": "name",
        "meta": "@sys.any",
        "userDefined": true
      }
    ],
    "isTemplate": false,
    "count": 0,
    "updated": 1528791111
  },
  {
    "id": "8f9de11f-0925-47ba-92db-77b3c22a6610",
    "data": [
      {
        "text": "remind ",
        "userDefined": false
      },
      {
        "text": "about",
        "meta": "@sys.ignore",
        "userDefined": false
      },
      {
        "text": " ",
        "userDefined": false
      },
      {
        "text": "holidays one day before",
        "alias": "name",
        "meta": "@sys.any",
        "userDefined": true
      }
    ],
    "isTemplate": false,
    "count": 0,
    "updated": 1528791111
  },
  {
    "id": "9c9e2625-e650-4b25-b3aa-c4e028b719c7",
    "data": [
      {
        "text": "remind me to ",
        "userDefined": false
      },
      {
        "text": "watch",
        "alias": "name",
        "meta": "@sys.any",
        "userDefined": true
      }
    ],
    "isTemplate": false,
    "count": 0,
    "updated": 1528791111
  },
  {
    "id": "083fe5c3-8e59-4fb5-9bc3-defc6b8654a9",
    "data": [
      {
        "text": "set up a reminder",
        "userDefined": false
      }
    ],
    "isTemplate": false,
    "count": 0,
    "updated": 1528791111
  },
  {
    "id": "fc2e4175-82af-4c9d-8fc6-94086bba7cf3",
    "data": [
      {
        "text": "remind me ",
        "userDefined": false
      },
      {
        "text": "of",
        "meta": "@sys.ignore",
        "userDefined": true
      },
      {
        "text": " ",
        "userDefined": false
      },
      {
        "text": "video",
        "alias": "name",
        "meta": "@sys.any",
        "userDefined": true
      },
      {
        "text": " ",
        "userDefined": false
      },
      {
        "text": "every day",
        "alias": "recurrence",
        "meta": "@recurrence",
        "userDefined": true
      },
      {
        "text": " at ",
        "userDefined": false
      },
      {
        "text": "noon",
        "alias": "date-time",
        "meta": "@sys.date-time",
        "userDefined": true
      }
    ],
    "isTemplate": false,
    "count": 0,
    "updated": 1528791111
  },
  {
    "id": "d35f862a-abce-41ff-baaa-68412d869871",
    "data": [
      {
        "text": "set a reminder ",
        "userDefined": false
      },
      {
        "text": "for Thursday",
        "alias": "date-time",
        "meta": "@sys.date-time",
        "userDefined": true
      }
    ],
    "isTemplate": false,
    "count": 0,
    "updated": 1528791111
  },
  {
    "id": "c34bad69-27a6-42c9-aae8-3740583510cf",
    "data": [
      {
        "text": "add a reminder for ",
        "userDefined": false
      },
      {
        "text": "tomorrow",
        "alias": "date-time",
        "meta": "@sys.date-time",
        "userDefined": true
      }
    ],
    "isTemplate": false,
    "count": 0,
    "updated": 1528791111
  },
  {
    "id": "c59936d1-d5e8-4cd2-9eca-116067f20349",
    "data": [
      {
        "text": "set reminder for ",
        "userDefined": false
      },
      {
        "text": "25th November",
        "alias": "date-time",
        "meta": "@sys.date-time",
        "userDefined": true
      }
    ],
    "isTemplate": false,
    "count": 0,
    "updated": 1528791111
  },
  {
    "id": "b32a1072-f715-490d-b163-e7712366c3c9",
    "data": [
      {
        "text": "remind me to ",
        "userDefined": false
      },
      {
        "text": "buy movie tickets",
        "alias": "name",
        "meta": "@sys.any",
        "userDefined": true
      },
      {
        "text": " for ",
        "userDefined": false
      },
      {
        "text": "Friday evening",
        "alias": "date-time",
        "meta": "@sys.date-time",
        "userDefined": true
      }
    ],
    "isTemplate": false,
    "count": 0,
    "updated": 1528791111
  },
  {
    "id": "66323733-6498-4331-835e-14092a25d88f",
    "data": [
      {
        "text": "new reminder about ",
        "userDefined": false
      },
      {
        "text": "washing car",
        "alias": "name",
        "meta": "@sys.any",
        "userDefined": true
      }
    ],
    "isTemplate": false,
    "count": 0,
    "updated": 1528791111
  },
  {
    "id": "8ad6ba8c-47b1-4a8d-acef-893e8c52d924",
    "data": [
      {
        "text": "remind me ",
        "userDefined": false
      },
      {
        "text": "of",
        "meta": "@sys.ignore",
        "userDefined": true
      },
      {
        "text": " my ",
        "userDefined": false
      },
      {
        "text": "doctors appointment",
        "alias": "name",
        "meta": "@sys.any",
        "userDefined": true
      }
    ],
    "isTemplate": false,
    "count": 0,
    "updated": 1528791111
  },
  {
    "id": "1298ad27-7cbe-41e2-b7f3-414b8043daef",
    "data": [
      {
        "text": "I need you to remind me",
        "userDefined": false
      }
    ],
    "isTemplate": false,
    "count": 0,
    "updated": 1528791111
  },
  {
    "id": "9e849f4a-4cd5-49e0-86ad-6bb298471564",
    "data": [
      {
        "text": "can you remind me to ",
        "userDefined": false
      },
      {
        "text": "call",
        "alias": "name",
        "meta": "@sys.any",
        "userDefined": true
      }
    ],
    "isTemplate": false,
    "count": 0,
    "updated": 1528791111
  },
  {
    "id": "521bba45-c395-43ac-a9f7-3092717b6a46",
    "data": [
      {
        "text": "can you do a reminder for me",
        "userDefined": false
      }
    ],
    "isTemplate": false,
    "count": 0,
    "updated": 1528791111
  },
  {
    "id": "9ee6b03a-bb70-4132-9777-89d182621e87",
    "data": [
      {
        "text": "remind me to ",
        "userDefined": false
      },
      {
        "text": "wash the car",
        "alias": "name",
        "meta": "@sys.any",
        "userDefined": true
      },
      {
        "text": " ",
        "userDefined": false
      },
      {
        "text": "in 4 hours",
        "alias": "date-time",
        "meta": "@sys.date-time",
        "userDefined": true
      }
    ],
    "isTemplate": false,
    "count": 0,
    "updated": 1528791111
  },
  {
    "id": "3f529c99-3bf9-4e75-b418-662539f3a652",
    "data": [
      {
        "text": "I need a reminder ",
        "userDefined": false
      },
      {
        "text": "tomorrow",
        "alias": "date-time",
        "meta": "@sys.date-time",
        "userDefined": true
      }
    ],
    "isTemplate": false,
    "count": 0,
    "updated": 1528791111
  },
  {
    "id": "d7b73faa-4560-41ea-b533-000d689af952",
    "data": [
      {
        "text": "I want you to remind me something",
        "userDefined": false
      }
    ],
    "isTemplate": false,
    "count": 0,
    "updated": 1528791111
  },
  {
    "id": "81a0ec38-ae8e-402e-a6ad-92f85e10df24",
    "data": [
      {
        "text": "remind me ",
        "userDefined": false
      },
      {
        "text": "today",
        "alias": "date-time",
        "meta": "@sys.date-time",
        "userDefined": true
      }
    ],
    "isTemplate": false,
    "count": 0,
    "updated": 1528791111
  },
  {
    "id": "5ced7bf9-27fb-4dc2-be7c-6c37d5a8fcb9",
    "data": [
      {
        "text": "don\u0027t",
        "meta": "@sys.ignore",
        "userDefined": false
      },
      {
        "text": " let ",
        "userDefined": false
      },
      {
        "text": "me",
        "meta": "@sys.ignore",
        "userDefined": false
      },
      {
        "text": " forget ",
        "userDefined": false
      },
      {
        "text": "to",
        "meta": "@sys.ignore",
        "userDefined": false
      },
      {
        "text": " ",
        "userDefined": false
      },
      {
        "text": "pick up milk",
        "alias": "name",
        "meta": "@sys.any",
        "userDefined": true
      },
      {
        "text": " ",
        "userDefined": false
      },
      {
        "text": "today",
        "alias": "date-time",
        "meta": "@sys.date-time",
        "userDefined": false
      }
    ],
    "isTemplate": false,
    "count": 1,
    "updated": 1528791111
  },
  {
    "id": "f96d9b81-49f3-4351-a373-e3033af0df1b",
    "data": [
      {
        "text": "set reminder for ",
        "userDefined": false
      },
      {
        "text": "tomorrow",
        "alias": "date-time",
        "meta": "@sys.date-time",
        "userDefined": true
      }
    ],
    "isTemplate": false,
    "count": 1,
    "updated": 1528791111
  },
  {
    "id": "83f3e23a-fc70-4fc8-9f51-f7f6c5b32576",
    "data": [
      {
        "text": "remind me ",
        "userDefined": false
      },
      {
        "text": "in 15 minutes",
        "alias": "date-time",
        "meta": "@sys.date-time",
        "userDefined": true
      },
      {
        "text": " to ",
        "userDefined": false
      },
      {
        "text": "go to the bar",
        "alias": "name",
        "meta": "@sys.any",
        "userDefined": true
      }
    ],
    "isTemplate": false,
    "count": 0,
    "updated": 1528791111
  },
  {
    "id": "f63f2f02-a2a7-4b46-a5b5-81ba5cade86e",
    "data": [
      {
        "text": "remind me ",
        "userDefined": false
      },
      {
        "text": "of",
        "meta": "@sys.ignore",
        "userDefined": true
      },
      {
        "text": " my ",
        "userDefined": false
      },
      {
        "text": "appointment",
        "alias": "name",
        "meta": "@sys.any",
        "userDefined": true
      }
    ],
    "isTemplate": false,
    "count": 0,
    "updated": 1528791111
  },
  {
    "id": "0e14bd82-7cba-4550-bf00-4667d4beaf5b",
    "data": [
      {
        "text": "new",
        "meta": "@sys.ignore",
        "userDefined": false
      },
      {
        "text": " reminder",
        "userDefined": false
      }
    ],
    "isTemplate": false,
    "count": 0,
    "updated": 1528791111
  },
  {
    "id": "6568f6d3-bc7e-4e4a-b225-38db5b872791",
    "data": [
      {
        "text": "remind me to ",
        "userDefined": false
      },
      {
        "text": "exercise",
        "alias": "name",
        "meta": "@sys.any",
        "userDefined": true
      },
      {
        "text": " ",
        "userDefined": false
      },
      {
        "text": "tonight",
        "alias": "date-time",
        "meta": "@sys.date-time",
        "userDefined": true
      }
    ],
    "isTemplate": false,
    "count": 0,
    "updated": 1528791111
  },
  {
    "id": "839a53da-fedb-4373-8650-4ed7880235ca",
    "data": [
      {
        "text": "I want to add a reminder",
        "userDefined": false
      }
    ],
    "isTemplate": false,
    "count": 0,
    "updated": 1528791111
  },
  {
    "id": "23a27a54-bc7b-4ee5-9a83-dfed726791a8",
    "data": [
      {
        "text": "set up reminders",
        "userDefined": false
      }
    ],
    "isTemplate": false,
    "count": 0,
    "updated": 1528791111
  },
  {
    "id": "8e2e6d20-507f-4681-9eb4-57e88138cc2f",
    "data": [
      {
        "text": "reminder ",
        "userDefined": false
      },
      {
        "text": "for this evening",
        "alias": "date-time",
        "meta": "@sys.date-time",
        "userDefined": true
      }
    ],
    "isTemplate": false,
    "count": 0,
    "updated": 1528791111
  },
  {
    "id": "3670dfc3-9663-46af-968a-0fc2188301f8",
    "data": [
      {
        "text": "make a reminder",
        "userDefined": false
      }
    ],
    "isTemplate": false,
    "count": 0,
    "updated": 1528791111
  },
  {
    "id": "70ebb5bb-a54f-4218-8586-8c2778130c42",
    "data": [
      {
        "text": "can you remind me",
        "userDefined": false
      }
    ],
    "isTemplate": false,
    "count": 0,
    "updated": 1528791111
  },
  {
    "id": "7a09678d-5319-4979-b22e-51d7a5df0aa9",
    "data": [
      {
        "text": "remind me to ",
        "userDefined": false
      },
      {
        "text": "pay my credit card bill",
        "alias": "name",
        "meta": "@sys.any",
        "userDefined": true
      }
    ],
    "isTemplate": false,
    "count": 0,
    "updated": 1528791111
  },
  {
    "id": "7004fdf2-272f-4c1b-91d5-69928f84c270",
    "data": [
      {
        "text": "remind me to ",
        "userDefined": false
      },
      {
        "text": "have a dinner",
        "alias": "name",
        "meta": "@sys.any",
        "userDefined": true
      },
      {
        "text": " ",
        "userDefined": false
      },
      {
        "text": "every sunday",
        "alias": "recurrence",
        "meta": "@recurrence",
        "userDefined": true
      },
      {
        "text": " at ",
        "userDefined": false
      },
      {
        "text": "8 am",
        "alias": "date-time",
        "meta": "@sys.date-time",
        "userDefined": true
      }
    ],
    "isTemplate": false,
    "count": 0,
    "updated": 1528791111
  },
  {
    "id": "2b08cb10-302c-4cec-b18c-4732acb4bcf6",
    "data": [
      {
        "text": "reminder to ",
        "userDefined": false
      },
      {
        "text": "play with my cat",
        "alias": "name",
        "meta": "@sys.any",
        "userDefined": true
      },
      {
        "text": " ",
        "userDefined": false
      },
      {
        "text": "every workday",
        "alias": "recurrence",
        "meta": "@recurrence",
        "userDefined": true
      },
      {
        "text": " at ",
        "userDefined": false
      },
      {
        "text": "7 pm",
        "alias": "date-time",
        "meta": "@sys.date-time",
        "userDefined": true
      }
    ],
    "isTemplate": false,
    "count": 0,
    "updated": 1528791111
  },
  {
    "id": "41524373-eb53-4c3e-9566-16d0f50b92ed",
    "data": [
      {
        "text": "set reminder ",
        "userDefined": false
      },
      {
        "text": "buy milk",
        "alias": "name",
        "meta": "@sys.any",
        "userDefined": true
      },
      {
        "text": " for ",
        "userDefined": false
      },
      {
        "text": "every Monday and Wednesday",
        "alias": "recurrence",
        "meta": "@recurrence",
        "userDefined": true
      },
      {
        "text": " at ",
        "userDefined": false
      },
      {
        "text": "5 pm",
        "alias": "date-time",
        "meta": "@sys.date-time",
        "userDefined": true
      }
    ],
    "isTemplate": false,
    "count": 7,
    "updated": 1528791111
  },
  {
    "id": "8c8cf4fc-8865-43cb-a580-b721bb3911e5",
    "data": [
      {
        "text": "remind me on the ",
        "userDefined": false
      },
      {
        "text": "27th of August",
        "alias": "date-time",
        "meta": "@sys.date-time",
        "userDefined": true
      },
      {
        "text": " ",
        "userDefined": false
      },
      {
        "text": "Tomy flight",
        "alias": "name",
        "meta": "@sys.any",
        "userDefined": true
      }
    ],
    "isTemplate": false,
    "count": 0,
    "updated": 1528791111
  },
  {
    "id": "780fdc89-a7b2-45fc-9657-37209326d3de",
    "data": [
      {
        "text": "remind me to ",
        "userDefined": false
      },
      {
        "text": "go to the doctor",
        "alias": "name",
        "meta": "@sys.any",
        "userDefined": true
      }
    ],
    "isTemplate": false,
    "count": 0,
    "updated": 1528791111
  },
  {
    "id": "154c1d7f-cb31-4a79-b98e-63c1cbcb6ca4",
    "data": [
      {
        "text": "add reminder for me",
        "userDefined": false
      }
    ],
    "isTemplate": false,
    "count": 0,
    "updated": 1528791111
  },
  {
    "id": "de9c6e2a-d3ca-4bbc-9d46-3892e627b247",
    "data": [
      {
        "text": "set reminder",
        "userDefined": false
      }
    ],
    "isTemplate": false,
    "count": 0,
    "updated": 1528791111
  },
  {
    "id": "b6f5cca2-c3ff-4a7a-88e3-90b9a0df4521",
    "data": [
      {
        "text": "remind me ",
        "userDefined": false
      },
      {
        "text": "tomorrow",
        "alias": "date-time",
        "meta": "@sys.date-time",
        "userDefined": true
      },
      {
        "text": " to",
        "userDefined": false
      }
    ],
    "isTemplate": false,
    "count": 0,
    "updated": 1528791111
  },
  {
    "id": "29406eb5-4c27-4973-9ecd-a57f2224d806",
    "data": [
      {
        "text": "add reminder ",
        "userDefined": false
      },
      {
        "text": "feed a cat",
        "alias": "name",
        "meta": "@sys.any",
        "userDefined": true
      },
      {
        "text": " ",
        "userDefined": false
      },
      {
        "text": "in 3 min",
        "alias": "date-time",
        "meta": "@sys.date-time",
        "userDefined": true
      }
    ],
    "isTemplate": false,
    "count": 0,
    "updated": 1528791111
  },
  {
    "id": "476d7edf-2f25-456e-97c9-2bb4ffadf3ea",
    "data": [
      {
        "text": "can you remind",
        "userDefined": false
      }
    ],
    "isTemplate": false,
    "count": 0,
    "updated": 1528791111
  },
  {
    "id": "b4a99b26-3559-4ed3-b3a2-2eed6ac74331",
    "data": [
      {
        "text": "remind me ",
        "userDefined": false
      },
      {
        "text": "nutrition research",
        "alias": "name",
        "meta": "@sys.any",
        "userDefined": true
      },
      {
        "text": " ",
        "userDefined": false
      },
      {
        "text": "tomorrow at 8am",
        "alias": "date-time",
        "meta": "@sys.date-time",
        "userDefined": true
      }
    ],
    "isTemplate": false,
    "count": 0,
    "updated": 1528791111
  },
  {
    "id": "cb288faf-db62-4cc8-8cfc-4e36763b296c",
    "data": [
      {
        "text": "remind me about ",
        "userDefined": false
      },
      {
        "text": "dinner",
        "alias": "name",
        "meta": "@sys.any",
        "userDefined": true
      },
      {
        "text": " ",
        "userDefined": false
      },
      {
        "text": "in 1hour",
        "alias": "date-time",
        "meta": "@sys.date-time",
        "userDefined": true
      }
    ],
    "isTemplate": false,
    "count": 0,
    "updated": 1528791111
  },
  {
    "id": "a67b1bcf-c715-44a5-9166-ed90c54e4eae",
    "data": [
      {
        "text": "I need you to remind me something",
        "userDefined": false
      }
    ],
    "isTemplate": false,
    "count": 0,
    "updated": 1528791111
  },
  {
    "id": "57b096a7-e3db-433a-a838-c7d2f17fa0ed",
    "data": [
      {
        "text": "could you remind me",
        "userDefined": false
      }
    ],
    "isTemplate": false,
    "count": 0,
    "updated": 1528791111
  },
  {
    "id": "e67ae3db-4265-46db-9e1c-0a132fbcbf9e",
    "data": [
      {
        "text": "set my reminders",
        "userDefined": false
      }
    ],
    "isTemplate": false,
    "count": 0,
    "updated": 1528791111
  },
  {
    "id": "f4d52c6e-2714-4c51-bf91-591e92cba5a5",
    "data": [
      {
        "text": "remind me to ",
        "userDefined": false
      },
      {
        "text": "wash my car",
        "alias": "name",
        "meta": "@sys.any",
        "userDefined": true
      }
    ],
    "isTemplate": false,
    "count": 0,
    "updated": 1528791111
  },
  {
    "id": "4622d8f9-17b2-491d-a678-3f08566fbda1",
    "data": [
      {
        "text": "remind me at ",
        "userDefined": false
      },
      {
        "text": "7pm on November 11",
        "alias": "date-time",
        "meta": "@sys.date-time",
        "userDefined": true
      },
      {
        "text": " to ",
        "userDefined": false
      },
      {
        "text": "do homework",
        "alias": "name",
        "meta": "@sys.any",
        "userDefined": true
      }
    ],
    "isTemplate": false,
    "count": 0,
    "updated": 1528791111
  },
  {
    "id": "6df649d3-64d8-4901-971b-235604d8c157",
    "data": [
      {
        "text": "remind me to ",
        "userDefined": false
      },
      {
        "text": "call my brother",
        "alias": "name",
        "meta": "@sys.any",
        "userDefined": true
      },
      {
        "text": " on ",
        "userDefined": false
      },
      {
        "text": "Veterans day",
        "alias": "date-time",
        "meta": "@sys.date-time",
        "userDefined": true
      }
    ],
    "isTemplate": false,
    "count": 0,
    "updated": 1528791111
  },
  {
    "id": "66974a37-d9ab-4ea0-b6ee-32635fbd097b",
    "data": [
      {
        "text": "add another reminder",
        "userDefined": false
      }
    ],
    "isTemplate": false,
    "count": 0,
    "updated": 1528791111
  },
  {
    "id": "38abdeb7-a8f5-45d2-ad44-166e7f310965",
    "data": [
      {
        "text": "setup reminder",
        "userDefined": false
      }
    ],
    "isTemplate": false,
    "count": 0,
    "updated": 1528791111
  },
  {
    "id": "07fa87e6-cf84-4828-b921-eb0af9b6e15f",
    "data": [
      {
        "text": "can you remind me later",
        "userDefined": false
      }
    ],
    "isTemplate": false,
    "count": 0,
    "updated": 1528791111
  },
  {
    "id": "27c38b2f-941b-45b0-879e-4f0f7cc66eea",
    "data": [
      {
        "text": "remind me later",
        "userDefined": false
      }
    ],
    "isTemplate": false,
    "count": 0,
    "updated": 1528791111
  },
  {
    "id": "1f61df57-edb4-43ca-842c-2cc4e1c4f02e",
    "data": [
      {
        "text": "remind me ",
        "userDefined": false
      },
      {
        "text": "tomorrow",
        "alias": "date-time",
        "meta": "@sys.date-time",
        "userDefined": true
      },
      {
        "text": " to ",
        "userDefined": false
      },
      {
        "text": "call",
        "alias": "name",
        "meta": "@sys.any",
        "userDefined": true
      }
    ],
    "isTemplate": false,
    "count": 0,
    "updated": 1528791111
  },
  {
    "id": "b75ba749-4ddb-4ee4-ab03-0d0825a42acf",
    "data": [
      {
        "text": "I need to set another reminder",
        "userDefined": false
      }
    ],
    "isTemplate": false,
    "count": 0,
    "updated": 1528791111
  },
  {
    "id": "d4e93765-bff2-4513-bda3-9f761419abb8",
    "data": [
      {
        "text": "please make a reminder",
        "userDefined": false
      }
    ],
    "isTemplate": false,
    "count": 0,
    "updated": 1528791111
  },
  {
    "id": "85ddedb1-c240-4878-8901-36246a1e70ae",
    "data": [
      {
        "text": "remind me to ",
        "userDefined": false
      },
      {
        "text": "turn the lights on",
        "alias": "name",
        "meta": "@sys.any",
        "userDefined": true
      },
      {
        "text": " at ",
        "userDefined": false
      },
      {
        "text": "8 pm",
        "alias": "date-time",
        "meta": "@sys.date-time",
        "userDefined": true
      }
    ],
    "isTemplate": false,
    "count": 0,
    "updated": 1528791111
  },
  {
    "id": "31d5bc5e-b78c-48ed-8cbd-cf804e47fa3a",
    "data": [
      {
        "text": "remind me to ",
        "userDefined": false
      },
      {
        "text": "see the table",
        "alias": "name",
        "meta": "@sys.any",
        "userDefined": true
      },
      {
        "text": " ",
        "userDefined": false
      },
      {
        "text": "in 5 minutes",
        "alias": "date-time",
        "meta": "@sys.date-time",
        "userDefined": true
      }
    ],
    "isTemplate": false,
    "count": 0,
    "updated": 1528791111
  },
  {
    "id": "d6f7e046-a46d-4ed2-935b-7e1bf8208885",
    "data": [
      {
        "text": "remind me ",
        "userDefined": false
      },
      {
        "text": "on weekdays",
        "alias": "recurrence",
        "meta": "@recurrence",
        "userDefined": true
      }
    ],
    "isTemplate": false,
    "count": 0,
    "updated": 1528791111
  },
  {
    "id": "a4034a67-7fe8-4f0f-88f2-9ff60141d8ef",
    "data": [
      {
        "text": "reminder for ",
        "userDefined": false
      },
      {
        "text": "4.15 pm today",
        "alias": "date-time",
        "meta": "@sys.date-time",
        "userDefined": true
      },
      {
        "text": " ",
        "userDefined": false
      },
      {
        "text": "visit grandma",
        "alias": "name",
        "meta": "@sys.any",
        "userDefined": true
      },
      {
        "text": " please",
        "userDefined": false
      }
    ],
    "isTemplate": false,
    "count": 0,
    "updated": 1528791111
  },
  {
    "id": "b01d3b55-17d8-421d-906d-07de275b304a",
    "data": [
      {
        "text": "create reminder",
        "userDefined": false
      }
    ],
    "isTemplate": false,
    "count": 0,
    "updated": 1528791111
  },
  {
    "id": "de792d68-7715-4420-9f18-402c19b79378",
    "data": [
      {
        "text": "remind me to ",
        "userDefined": false
      },
      {
        "text": "go to work",
        "alias": "name",
        "meta": "@sys.any",
        "userDefined": true
      },
      {
        "text": " the ",
        "userDefined": false
      },
      {
        "text": "19th of August",
        "alias": "date-time",
        "meta": "@sys.date-time",
        "userDefined": true
      }
    ],
    "isTemplate": false,
    "count": 0,
    "updated": 1528791111
  },
  {
    "id": "8d445e90-bfc2-42c8-972f-fbe4028d4fe3",
    "data": [
      {
        "text": "remind me to ",
        "userDefined": false
      },
      {
        "text": "call Jose",
        "alias": "name",
        "meta": "@sys.any",
        "userDefined": true
      },
      {
        "text": " ",
        "userDefined": false
      },
      {
        "text": "tomorrow",
        "alias": "date-time",
        "meta": "@sys.date-time",
        "userDefined": true
      }
    ],
    "isTemplate": false,
    "count": 0,
    "updated": 1528791111
  },
  {
    "id": "579fb7c0-d2a5-4af9-93db-fcc6706320da",
    "data": [
      {
        "text": "remind me about ",
        "userDefined": false
      },
      {
        "text": "dinner",
        "alias": "name",
        "meta": "@sys.any",
        "userDefined": true
      },
      {
        "text": " at ",
        "userDefined": false
      },
      {
        "text": "15pm",
        "alias": "date-time",
        "meta": "@sys.date-time",
        "userDefined": true
      }
    ],
    "isTemplate": false,
    "count": 0,
    "updated": 1528791111
  },
  {
    "id": "a25b3090-05a8-45ec-8a1f-0a900b2111b4",
    "data": [
      {
        "text": "I would like a reminder",
        "userDefined": false
      }
    ],
    "isTemplate": false,
    "count": 0,
    "updated": 1528791111
  },
  {
    "id": "fe5372e3-d5a4-4cd5-8109-da4cf49d758c",
    "data": [
      {
        "text": "set reminder ",
        "userDefined": false
      },
      {
        "text": "for 2 pm",
        "alias": "date-time",
        "meta": "@sys.date-time",
        "userDefined": true
      }
    ],
    "isTemplate": false,
    "count": 0,
    "updated": 1528791111
  },
  {
    "id": "f808626e-39fa-49d5-bedc-74cb0c419ab1",
    "data": [
      {
        "text": "put a reminder",
        "userDefined": false
      }
    ],
    "isTemplate": false,
    "count": 0,
    "updated": 1528791111
  },
  {
    "id": "9233630b-d240-4eef-8547-ef59b04715b3",
    "data": [
      {
        "text": "can you add a reminder",
        "userDefined": false
      }
    ],
    "isTemplate": false,
    "count": 0,
    "updated": 1528791111
  },
  {
    "id": "dc7e0171-8303-4442-85eb-0ec8239689de",
    "data": [
      {
        "text": "remind me about ",
        "userDefined": false
      },
      {
        "text": "exams",
        "alias": "name",
        "meta": "@sys.any",
        "userDefined": true
      },
      {
        "text": " ",
        "userDefined": false
      },
      {
        "text": "every Friday",
        "alias": "recurrence",
        "meta": "@recurrence",
        "userDefined": true
      },
      {
        "text": " at ",
        "userDefined": false
      },
      {
        "text": "7 pm",
        "alias": "date-time",
        "meta": "@sys.date-time",
        "userDefined": true
      }
    ],
    "isTemplate": false,
    "count": 0,
    "updated": 1528791111
  },
  {
    "id": "2e3b203f-27a0-4607-9db5-0090dce680a7",
    "data": [
      {
        "text": "remind about ",
        "userDefined": false
      },
      {
        "text": "party",
        "alias": "name",
        "meta": "@sys.any",
        "userDefined": true
      },
      {
        "text": " at ",
        "userDefined": false
      },
      {
        "text": "12 pm on Friday",
        "alias": "date-time",
        "meta": "@sys.date-time",
        "userDefined": true
      }
    ],
    "isTemplate": false,
    "count": 0,
    "updated": 1528791111
  },
  {
    "id": "963b0c59-4ef3-425b-abd0-b1d2f9c9126e",
    "data": [
      {
        "text": "setup a reminder",
        "userDefined": false
      }
    ],
    "isTemplate": false,
    "count": 0,
    "updated": 1528791111
  },
  {
    "id": "9e03f9e6-d646-4022-9c0a-7b1756310bf1",
    "data": [
      {
        "text": "reminder for ",
        "userDefined": false
      },
      {
        "text": "today",
        "alias": "date-time",
        "meta": "@sys.date-time",
        "userDefined": true
      }
    ],
    "isTemplate": false,
    "count": 0,
    "updated": 1528791111
  },
  {
    "id": "faf751f1-e9b9-40c7-a065-4d8dc9eae5b5",
    "data": [
      {
        "text": "can you remind me something ",
        "userDefined": false
      },
      {
        "text": "tomorrow",
        "alias": "date-time",
        "meta": "@sys.date-time",
        "userDefined": true
      }
    ],
    "isTemplate": false,
    "count": 0,
    "updated": 1528791111
  },
  {
    "id": "9497eb1b-54a3-434e-81f5-81d2ca40a7a7",
    "data": [
      {
        "text": "remind me about the ",
        "userDefined": false
      },
      {
        "text": "teacher meeting",
        "alias": "name",
        "meta": "@sys.any",
        "userDefined": true
      },
      {
        "text": " on ",
        "userDefined": false
      },
      {
        "text": "Friday",
        "alias": "date-time",
        "meta": "@sys.date-time",
        "userDefined": true
      }
    ],
    "isTemplate": false,
    "count": 0,
    "updated": 1528791111
  },
  {
    "id": "94067f57-8c61-4caa-a226-b852bb30cf75",
    "data": [
      {
        "text": "help me remind me to ",
        "userDefined": false
      },
      {
        "text": "call Bae",
        "alias": "name",
        "meta": "@sys.any",
        "userDefined": true
      },
      {
        "text": " ",
        "userDefined": false
      },
      {
        "text": "tomorrow at 9",
        "alias": "date-time",
        "meta": "@sys.date-time",
        "userDefined": true
      }
    ],
    "isTemplate": false,
    "count": 0,
    "updated": 1528791111
  },
  {
    "id": "5ef115dd-20e8-42be-8d98-2f5b5db930f3",
    "data": [
      {
        "text": "can you set reminders",
        "userDefined": false
      }
    ],
    "isTemplate": false,
    "count": 0,
    "updated": 1528791111
  },
  {
    "id": "68bdd927-86d5-4b88-afd4-9158e3a74216",
    "data": [
      {
        "text": "reminder ",
        "userDefined": false
      },
      {
        "text": "for today",
        "alias": "date-time",
        "meta": "@sys.date-time",
        "userDefined": true
      }
    ],
    "isTemplate": false,
    "count": 0,
    "updated": 1528791111
  },
  {
    "id": "3e2de68f-6697-411c-9ae4-9f875d62e15e",
    "data": [
      {
        "text": "remind me ",
        "userDefined": false
      },
      {
        "text": "every day except Sundays",
        "alias": "recurrence",
        "meta": "@recurrence",
        "userDefined": true
      }
    ],
    "isTemplate": false,
    "count": 0,
    "updated": 1528791111
  },
  {
    "id": "b718ebae-d0c1-4a6c-bc1a-4ddabbb6059e",
    "data": [
      {
        "text": "remind me ",
        "userDefined": false
      },
      {
        "text": "on weekend",
        "alias": "date-time",
        "meta": "@sys.date-time",
        "userDefined": true
      }
    ],
    "isTemplate": false,
    "count": 0,
    "updated": 1528791111
  },
  {
    "id": "e31f89db-5bdf-4c45-a0da-94453f87fd4c",
    "data": [
      {
        "text": "remind me to ",
        "userDefined": false
      },
      {
        "text": "charge my phone",
        "alias": "name",
        "meta": "@sys.any",
        "userDefined": true
      },
      {
        "text": " ",
        "userDefined": false
      },
      {
        "text": "everyday",
        "alias": "recurrence",
        "meta": "@recurrence",
        "userDefined": true
      },
      {
        "text": " at ",
        "userDefined": false
      },
      {
        "text": "11:00 pm",
        "alias": "date-time",
        "meta": "@sys.date-time",
        "userDefined": true
      }
    ],
    "isTemplate": false,
    "count": 0,
    "updated": 1528791111
  },
  {
    "id": "84e3ecb5-c8b8-4e1d-be93-fbbdefce38c6",
    "data": [
      {
        "text": "remind me at ",
        "userDefined": false
      },
      {
        "text": "noon",
        "alias": "date-time",
        "meta": "@sys.date-time",
        "userDefined": true
      }
    ],
    "isTemplate": false,
    "count": 0,
    "updated": 1528791111
  },
  {
    "id": "1a67bf25-0e00-4fcd-8345-56a30cc0f293",
    "data": [
      {
        "text": "remind me to ",
        "userDefined": false
      },
      {
        "text": "brush my teeth",
        "alias": "name",
        "meta": "@sys.any",
        "userDefined": true
      }
    ],
    "isTemplate": false,
    "count": 0,
    "updated": 1528791111
  },
  {
    "id": "0b37a99b-a7ef-42bd-aac1-c6aab6dbfbb5",
    "data": [
      {
        "text": "remind about ",
        "userDefined": false
      },
      {
        "text": "running",
        "alias": "name",
        "meta": "@sys.any",
        "userDefined": true
      },
      {
        "text": " ",
        "userDefined": false
      },
      {
        "text": "every day",
        "alias": "recurrence",
        "meta": "@recurrence",
        "userDefined": true
      },
      {
        "text": " at ",
        "userDefined": false
      },
      {
        "text": "6 am",
        "alias": "date-time",
        "meta": "@sys.date-time",
        "userDefined": true
      }
    ],
    "isTemplate": false,
    "count": 0,
    "updated": 1528791111
  },
  {
    "id": "1d48bc84-8260-4032-801b-63ead71991df",
    "data": [
      {
        "text": "remind me to ",
        "userDefined": false
      },
      {
        "text": "go running",
        "alias": "name",
        "meta": "@sys.any",
        "userDefined": true
      },
      {
        "text": " at ",
        "userDefined": false
      },
      {
        "text": "6 AM",
        "alias": "date-time",
        "meta": "@sys.date-time",
        "userDefined": true
      }
    ],
    "isTemplate": false,
    "count": 0,
    "updated": 1528791111
  },
  {
    "id": "9aef8e6c-5ff3-4ee9-8910-bd08e42a9be8",
    "data": [
      {
        "text": "I\u0027d like to set a reminder",
        "userDefined": false
      }
    ],
    "isTemplate": false,
    "count": 1,
    "updated": 1528791111
  },
  {
    "id": "0a95219b-1305-405f-8386-97ed2e055b7d",
    "data": [
      {
        "text": "can you set up a reminder for me",
        "userDefined": false
      }
    ],
    "isTemplate": false,
    "count": 0,
    "updated": 1528791111
  },
  {
    "id": "458c8f86-92d4-4430-a79d-b7c01a5fb41d",
    "data": [
      {
        "text": "remind me to ",
        "userDefined": false
      },
      {
        "text": "wash the car",
        "alias": "name",
        "meta": "@sys.any",
        "userDefined": true
      }
    ],
    "isTemplate": false,
    "count": 0,
    "updated": 1528791111
  },
  {
    "id": "1c3c79f0-654d-41d5-a44d-d1efc459883d",
    "data": [
      {
        "text": "make a new reminder",
        "userDefined": false
      }
    ],
    "isTemplate": false,
    "count": 0,
    "updated": 1528791111
  },
  {
    "id": "62baac20-34db-400e-ad14-54b9a8a58c48",
    "data": [
      {
        "text": "can you remind me ",
        "userDefined": false
      },
      {
        "text": "of",
        "meta": "@sys.ignore",
        "userDefined": true
      },
      {
        "text": " something ",
        "userDefined": false
      },
      {
        "text": "tomorrow",
        "alias": "date-time",
        "meta": "@sys.date-time",
        "userDefined": true
      }
    ],
    "isTemplate": false,
    "count": 0,
    "updated": 1528791111
  },
  {
    "id": "d0a24b3b-8757-4e53-b902-e50aca308645",
    "data": [
      {
        "text": "please add reminder",
        "userDefined": false
      }
    ],
    "isTemplate": false,
    "count": 0,
    "updated": 1528791111
  },
  {
    "id": "2a08c7ce-2e91-4de9-89a0-0f19ac96f881",
    "data": [
      {
        "text": "remind",
        "userDefined": false
      }
    ],
    "isTemplate": false,
    "count": 0,
    "updated": 1528791111
  },
  {
    "id": "bbe850f4-2aea-43ba-8850-a18b772a3156",
    "data": [
      {
        "text": "set a new reminder",
        "userDefined": false
      }
    ],
    "isTemplate": false,
    "count": 0,
    "updated": 1528791111
  },
  {
    "id": "bd19954b-8954-4216-ac15-8ae0e4187f2b",
    "data": [
      {
        "text": "remind me about ",
        "userDefined": false
      },
      {
        "text": "dinner",
        "alias": "name",
        "meta": "@sys.any",
        "userDefined": true
      },
      {
        "text": " ",
        "userDefined": false
      },
      {
        "text": "in 1minute",
        "alias": "date-time",
        "meta": "@sys.date-time",
        "userDefined": true
      }
    ],
    "isTemplate": false,
    "count": 0,
    "updated": 1528791111
  },
  {
    "id": "494e87f4-3b77-4d53-93b0-fdecde2685f9",
    "data": [
      {
        "text": "send me a reminder to ",
        "userDefined": false
      },
      {
        "text": "leave for work",
        "alias": "name",
        "meta": "@sys.any",
        "userDefined": true
      },
      {
        "text": " ",
        "userDefined": false
      },
      {
        "text": "in 10 minutes",
        "alias": "date-time",
        "meta": "@sys.date-time",
        "userDefined": true
      }
    ],
    "isTemplate": false,
    "count": 0,
    "updated": 1528791111
  }
]