[
  {
    "id": "a238d45b-dafd-4ae1-b0bf-34e0c4faf130",
    "data": [
      {
        "text": "move my ",
        "userDefined": false
      },
      {
        "text": "6 am",
        "alias": "date-time",
        "meta": "@sys.date-time",
        "userDefined": true
      },
      {
        "text": " reminder to ",
        "userDefined": false
      },
      {
        "text": "7 in the evening",
        "alias": "date-time-new",
        "meta": "@sys.date-time",
        "userDefined": true
      }
    ],
    "isTemplate": false,
    "count": 0,
    "updated": 0
  },
  {
    "id": "b3b2382c-08f6-4c69-9257-a4cf3dda25c7",
    "data": [
      {
        "text": "reschedule reminder",
        "userDefined": false
      }
    ],
    "isTemplate": false,
    "count": 0,
    "updated": 0
  },
  {
    "id": "38d21732-b5de-48e3-a4e2-2d6fb255e840",
    "data": [
      {
        "text": "schedule new time for my reminder",
        "userDefined": false
      }
    ],
    "isTemplate": false,
    "count": 0,
    "updated": 1508524772
  },
  {
    "id": "d123a0c5-854d-4d53-af93-06075c8a117e",
    "data": [
      {
        "text": "new",
        "meta": "@sys.ignore",
        "userDefined": false
      },
      {
        "text": " ",
        "userDefined": false
      },
      {
        "text": "time",
        "meta": "@sys.ignore",
        "userDefined": false
      },
      {
        "text": " for my reminder for ",
        "userDefined": false
      },
      {
        "text": "11:00",
        "alias": "date-time",
        "meta": "@sys.date-time",
        "userDefined": true
      }
    ],
    "isTemplate": false,
    "count": 0,
    "updated": 0
  },
  {
    "id": "4db96d2e-48c6-41bd-94f3-8c6e29b318cc",
    "data": [
      {
        "text": "can you reschedule my reminder",
        "userDefined": false
      }
    ],
    "isTemplate": false,
    "count": 0,
    "updated": 1508524772
  },
  {
    "id": "046bec33-4c2b-406e-9991-3b8207e2e20f",
    "data": [
      {
        "text": "move my reminder from ",
        "userDefined": false
      },
      {
        "text": "7",
        "alias": "date-time",
        "meta": "@sys.date-time",
        "userDefined": true
      },
      {
        "text": " to ",
        "userDefined": false
      },
      {
        "text": "8",
        "alias": "date-time-new",
        "meta": "@sys.date-time",
        "userDefined": true
      }
    ],
    "isTemplate": false,
    "count": 0,
    "updated": 0
  },
  {
    "id": "4ac9492d-4e5e-4975-b9d6-318077dff0c3",
    "data": [
      {
        "text": "reschedule my ",
        "userDefined": false
      },
      {
        "text": "7 am",
        "alias": "date-time",
        "meta": "@sys.date-time",
        "userDefined": true
      },
      {
        "text": " reminder",
        "userDefined": false
      }
    ],
    "isTemplate": false,
    "count": 0,
    "updated": 0
  },
  {
    "id": "e108d8ea-abd1-4f6b-9a29-b3113724a7ac",
    "data": [
      {
        "text": "new time for my reminder",
        "userDefined": false
      }
    ],
    "isTemplate": false,
    "count": 0,
    "updated": 1508524772
  },
  {
    "id": "98922eac-77ed-4d6d-8ffb-2f9ac283d266",
    "data": [
      {
        "text": "move my ",
        "userDefined": false
      },
      {
        "text": "5 pm",
        "alias": "date-time",
        "meta": "@sys.date-time",
        "userDefined": false
      },
      {
        "text": " reminder to ",
        "userDefined": false
      },
      {
        "text": "7 pm",
        "alias": "date-time-new",
        "meta": "@sys.date-time",
        "userDefined": false
      }
    ],
    "isTemplate": false,
    "count": 0,
    "updated": 1508524772
  },
  {
    "id": "257d3b25-c856-4bae-bfb2-89ed71495d3d",
    "data": [
      {
        "text": "reschedule ",
        "userDefined": false
      },
      {
        "text": "today",
        "alias": "date-time",
        "meta": "@sys.date-time",
        "userDefined": false
      },
      {
        "text": " reminder for ",
        "userDefined": false
      },
      {
        "text": "tomorrow",
        "alias": "date-time-new",
        "meta": "@sys.date-time",
        "userDefined": false
      }
    ],
    "isTemplate": false,
    "count": 0,
    "updated": 0
  },
  {
    "id": "2ed260c3-b3f9-4a74-baba-f87c42a1092f",
    "data": [
      {
        "text": "change reminder time",
        "userDefined": false
      }
    ],
    "isTemplate": false,
    "count": 0,
    "updated": 1508524772
  },
  {
    "id": "a3a39d2c-c4a2-4f89-82bb-889a74537572",
    "data": [
      {
        "text": "reschedule my ",
        "userDefined": false
      },
      {
        "text": "7 am",
        "alias": "date-time",
        "meta": "@sys.date-time",
        "userDefined": true
      },
      {
        "text": " reminder to ",
        "userDefined": false
      },
      {
        "text": "15 am",
        "alias": "date-time-new",
        "meta": "@sys.date-time",
        "userDefined": true
      }
    ],
    "isTemplate": false,
    "count": 0,
    "updated": 0
  }
]