[
  {
    "id": "a9eba635-7f97-46f0-8cb9-1193cc3283ed",
    "data": [
      {
        "text": "when is my reminder",
        "userDefined": false
      }
    ],
    "isTemplate": false,
    "count": 0,
    "updated": 0
  },
  {
    "id": "d59b75f8-cc2b-46cd-aefb-d2fe77a6e81a",
    "data": [
      {
        "text": "show me a reminder",
        "userDefined": false
      }
    ],
    "isTemplate": false,
    "count": 0,
    "updated": 0
  },
  {
    "id": "6de61dcb-5058-4702-8885-3bd7383d63ad",
    "data": [
      {
        "text": "what reminders do I have",
        "userDefined": false
      }
    ],
    "isTemplate": false,
    "count": 0,
    "updated": 0
  },
  {
    "id": "cfd12ad4-4043-4596-85d1-0e317c08475b",
    "data": [
      {
        "text": "read ",
        "userDefined": false
      },
      {
        "text": "all",
        "alias": "all",
        "meta": "@all",
        "userDefined": true
      },
      {
        "text": " my reminders",
        "userDefined": false
      }
    ],
    "isTemplate": false,
    "count": 0,
    "updated": 0
  },
  {
    "id": "478710d9-934b-4054-b528-9201b1e297cd",
    "data": [
      {
        "text": "get me my ",
        "userDefined": false
      },
      {
        "text": "evening",
        "alias": "date-time",
        "meta": "@sys.date-time",
        "userDefined": true
      },
      {
        "text": " reminders",
        "userDefined": false
      }
    ],
    "isTemplate": false,
    "count": 0,
    "updated": 0
  },
  {
    "id": "943805b0-a023-49e0-952e-89f654a53295",
    "data": [
      {
        "text": "what ",
        "userDefined": false
      },
      {
        "text": "are",
        "meta": "@sys.ignore",
        "userDefined": false
      },
      {
        "text": " the reminders",
        "userDefined": false
      }
    ],
    "isTemplate": false,
    "count": 0,
    "updated": 0
  },
  {
    "id": "a4b6ead4-044b-4d30-abcc-e893b0cbf6e5",
    "data": [
      {
        "text": "how ",
        "userDefined": false
      },
      {
        "text": "many",
        "meta": "@sys.ignore",
        "userDefined": false
      },
      {
        "text": " reminders do I have",
        "userDefined": false
      }
    ],
    "isTemplate": false,
    "count": 0,
    "updated": 0
  },
  {
    "id": "c092a443-fbe0-45a9-bed3-8c72d8982623",
    "data": [
      {
        "text": "my reminders",
        "userDefined": false
      }
    ],
    "isTemplate": false,
    "count": 0,
    "updated": 0
  },
  {
    "id": "ae3692b4-4eee-4821-81f1-a36ca049a666",
    "data": [
      {
        "text": "show my reminders for ",
        "userDefined": false
      },
      {
        "text": "this week",
        "alias": "date-time",
        "meta": "@sys.date-time",
        "userDefined": true
      }
    ],
    "isTemplate": false,
    "count": 0,
    "updated": 0
  },
  {
    "id": "bf855341-3548-46bc-ace6-d40d344741a7",
    "data": [
      {
        "text": "show me reminder",
        "userDefined": false
      }
    ],
    "isTemplate": false,
    "count": 0,
    "updated": 0
  },
  {
    "id": "4b089026-53f3-4804-8a25-dc5d8109c388",
    "data": [
      {
        "text": "show ",
        "userDefined": false
      },
      {
        "text": "daily",
        "alias": "recurrence",
        "meta": "@recurrence",
        "userDefined": true
      },
      {
        "text": " reminders",
        "userDefined": false
      }
    ],
    "isTemplate": false,
    "count": 0,
    "updated": 0
  },
  {
    "id": "0a4bd4cd-5a48-4ba3-b15e-9362fac57636",
    "data": [
      {
        "text": "go to reminders",
        "userDefined": false
      }
    ],
    "isTemplate": false,
    "count": 0,
    "updated": 0
  },
  {
    "id": "8781bd9c-1f3c-42be-8f2d-60301673078c",
    "data": [
      {
        "text": "get",
        "meta": "@sys.ignore",
        "userDefined": false
      },
      {
        "text": " reminders called ",
        "userDefined": false
      },
      {
        "text": "dog",
        "alias": "name",
        "meta": "@sys.any",
        "userDefined": true
      }
    ],
    "isTemplate": false,
    "count": 0,
    "updated": 0
  },
  {
    "id": "045df2c0-cafb-40dc-a00b-f97398367268",
    "data": [
      {
        "text": "show me the reminder list",
        "userDefined": false
      }
    ],
    "isTemplate": false,
    "count": 0,
    "updated": 1528791179
  },
  {
    "id": "20b6662e-3f84-4038-99b1-8bdc23c7f468",
    "data": [
      {
        "text": "pull up my reminders",
        "userDefined": false
      }
    ],
    "isTemplate": false,
    "count": 0,
    "updated": 0
  },
  {
    "id": "93ddfa10-3cde-450f-a502-491fc761e07e",
    "data": [
      {
        "text": "my reminder",
        "userDefined": false
      }
    ],
    "isTemplate": false,
    "count": 0,
    "updated": 0
  },
  {
    "id": "0e2e22cc-9ffa-4497-8b32-03acdcfa0169",
    "data": [
      {
        "text": "what\u0027s ",
        "userDefined": false
      },
      {
        "text": "on",
        "meta": "@sys.ignore",
        "userDefined": false
      },
      {
        "text": " my reminder list",
        "userDefined": false
      }
    ],
    "isTemplate": false,
    "count": 0,
    "updated": 0
  },
  {
    "id": "a2064f49-c103-43d6-9a2d-0938689cb7c5",
    "data": [
      {
        "text": "get",
        "meta": "@sys.ignore",
        "userDefined": false
      },
      {
        "text": " reminders",
        "userDefined": false
      }
    ],
    "isTemplate": false,
    "count": 0,
    "updated": 0
  },
  {
    "id": "e65627ce-6bd1-48eb-acf7-db0a3a99d99c",
    "data": [
      {
        "text": "any reminders for ",
        "userDefined": false
      },
      {
        "text": "tomorrow",
        "alias": "date-time",
        "meta": "@sys.date-time",
        "userDefined": false
      }
    ],
    "isTemplate": false,
    "count": 0,
    "updated": 0
  },
  {
    "id": "41f61679-c96b-4918-be6a-f2f000c1787b",
    "data": [
      {
        "text": "tell me my reminders",
        "userDefined": false
      }
    ],
    "isTemplate": false,
    "count": 0,
    "updated": 0
  },
  {
    "id": "8b7e74ec-ee81-4f4d-b58b-6625a1e6b61e",
    "data": [
      {
        "text": "what ",
        "userDefined": false
      },
      {
        "text": "are",
        "meta": "@sys.ignore",
        "userDefined": false
      },
      {
        "text": " my reminders for ",
        "userDefined": false
      },
      {
        "text": "tomorrow",
        "alias": "date-time",
        "meta": "@sys.date-time",
        "userDefined": false
      }
    ],
    "isTemplate": false,
    "count": 0,
    "updated": 0
  },
  {
    "id": "67708c12-87a6-4a71-85bc-bdd0ef764dd8",
    "data": [
      {
        "text": "open",
        "meta": "@sys.ignore",
        "userDefined": false
      },
      {
        "text": " reminders",
        "userDefined": false
      }
    ],
    "isTemplate": false,
    "count": 0,
    "updated": 0
  },
  {
    "id": "1da122a2-81c1-42d2-a140-8c7bb41b9a87",
    "data": [
      {
        "text": "show me my reminders list",
        "userDefined": false
      }
    ],
    "isTemplate": false,
    "count": 0,
    "updated": 0
  },
  {
    "id": "05fd1042-103a-4913-98d9-9cac4acda1cb",
    "data": [
      {
        "text": "show reminders for ",
        "userDefined": false
      },
      {
        "text": "grocery store",
        "alias": "location",
        "meta": "@sys.location",
        "userDefined": true
      }
    ],
    "isTemplate": false,
    "count": 0,
    "updated": 0
  },
  {
    "id": "37e92109-e070-4e17-aa83-e4f03be27a9a",
    "data": [
      {
        "text": "do i have any reminders for ",
        "userDefined": false
      },
      {
        "text": "tomorrow",
        "alias": "date-time",
        "meta": "@sys.date-time",
        "userDefined": true
      }
    ],
    "isTemplate": false,
    "count": 1,
    "updated": 0
  },
  {
    "id": "312e143d-8529-46f7-8aa2-99def7590316",
    "data": [
      {
        "text": "what reminders do I have for ",
        "userDefined": false
      },
      {
        "text": "this week",
        "alias": "date-time",
        "meta": "@sys.date-time",
        "userDefined": true
      }
    ],
    "isTemplate": false,
    "count": 0,
    "updated": 0
  },
  {
    "id": "70f037da-29d1-4bf8-870b-f212daea750f",
    "data": [
      {
        "text": "what time ",
        "userDefined": false
      },
      {
        "text": "will",
        "meta": "@sys.ignore",
        "userDefined": false
      },
      {
        "text": " you remind me",
        "userDefined": false
      }
    ],
    "isTemplate": false,
    "count": 0,
    "updated": 0
  },
  {
    "id": "c827f4f8-7f94-4d64-b253-d7f71ba02cdf",
    "data": [
      {
        "text": "read reminder",
        "userDefined": false
      }
    ],
    "isTemplate": false,
    "count": 0,
    "updated": 0
  },
  {
    "id": "f3b0fa6b-0133-48a4-994c-d55810d61f01",
    "data": [
      {
        "text": "are",
        "meta": "@sys.ignore",
        "userDefined": false
      },
      {
        "text": " you supposed to remind me about something on ",
        "userDefined": false
      },
      {
        "text": "November 11",
        "alias": "date-time",
        "meta": "@sys.date-time",
        "userDefined": false
      }
    ],
    "isTemplate": false,
    "count": 0,
    "updated": 0
  },
  {
    "id": "7b8533fd-7779-4256-bfc3-ae2556a9eb10",
    "data": [
      {
        "text": "show me my ",
        "userDefined": false
      },
      {
        "text": "todays",
        "alias": "date-time",
        "meta": "@sys.date-time",
        "userDefined": true
      },
      {
        "text": " reminders",
        "userDefined": false
      }
    ],
    "isTemplate": false,
    "count": 0,
    "updated": 0
  },
  {
    "id": "9957c947-5476-4e96-968a-490b7a3d892a",
    "data": [
      {
        "text": "show my reminders list",
        "userDefined": false
      }
    ],
    "isTemplate": false,
    "count": 0,
    "updated": 0
  },
  {
    "id": "fbf87573-6049-423e-beac-5892012555fd",
    "data": [
      {
        "text": "find reminder",
        "userDefined": false
      }
    ],
    "isTemplate": false,
    "count": 0,
    "updated": 0
  },
  {
    "id": "6f582474-048f-461a-9831-7240b8cbc5cd",
    "data": [
      {
        "text": "go to reminders list",
        "userDefined": false
      }
    ],
    "isTemplate": false,
    "count": 0,
    "updated": 0
  },
  {
    "id": "cb971b9d-ac9b-4af6-8dff-8d4ba00c8445",
    "data": [
      {
        "text": "show me reminder list",
        "userDefined": false
      }
    ],
    "isTemplate": false,
    "count": 0,
    "updated": 0
  },
  {
    "id": "78513026-a543-4325-9de1-d2332e278e3f",
    "data": [
      {
        "text": "review reminders",
        "userDefined": false
      }
    ],
    "isTemplate": false,
    "count": 0,
    "updated": 0
  },
  {
    "id": "7d627ceb-e4a4-484f-b9e2-cefcc0ef0852",
    "data": [
      {
        "text": "show me a list ",
        "userDefined": false
      },
      {
        "text": "of",
        "meta": "@sys.ignore",
        "userDefined": false
      },
      {
        "text": " my reminders",
        "userDefined": false
      }
    ],
    "isTemplate": false,
    "count": 0,
    "updated": 0
  },
  {
    "id": "902019f7-813e-41de-8860-8ef95198777f",
    "data": [
      {
        "text": "show me ",
        "userDefined": false
      },
      {
        "text": "today\u0027s",
        "alias": "date-time",
        "meta": "@sys.date-time",
        "userDefined": false
      },
      {
        "text": " reminders",
        "userDefined": false
      }
    ],
    "isTemplate": false,
    "count": 0,
    "updated": 0
  },
  {
    "id": "1ecfec19-0955-4915-b974-6d0d0899a35a",
    "data": [
      {
        "text": "do you have any reminders for me for ",
        "userDefined": false
      },
      {
        "text": "today",
        "alias": "date-time",
        "meta": "@sys.date-time",
        "userDefined": true
      }
    ],
    "isTemplate": false,
    "count": 0,
    "updated": 0
  },
  {
    "id": "234e78ac-e2c9-4ccc-b470-b5ddf1d9c1d2",
    "data": [
      {
        "text": "can you show me my reminders",
        "userDefined": false
      }
    ],
    "isTemplate": false,
    "count": 0,
    "updated": 0
  },
  {
    "id": "36c9bad5-34f4-4989-9334-9bfca4ab2478",
    "data": [
      {
        "text": "do I have any reminders about ",
        "userDefined": false
      },
      {
        "text": "dog",
        "alias": "name",
        "meta": "@sys.any",
        "userDefined": true
      }
    ],
    "isTemplate": false,
    "count": 0,
    "updated": 0
  },
  {
    "id": "1d5ace32-cd0c-4e4a-b8fd-a2753f14f86c",
    "data": [
      {
        "text": "what about reminders",
        "userDefined": false
      }
    ],
    "isTemplate": false,
    "count": 0,
    "updated": 0
  },
  {
    "id": "9a8cfd57-63eb-4782-94dd-3958c9869c1b",
    "data": [
      {
        "text": "any reminders for ",
        "userDefined": false
      },
      {
        "text": "this month",
        "alias": "date-time",
        "meta": "@sys.date-time",
        "userDefined": true
      }
    ],
    "isTemplate": false,
    "count": 0,
    "updated": 0
  },
  {
    "id": "2d8ff0fb-d666-4536-8a5c-62305fe0ce47",
    "data": [
      {
        "text": "are",
        "meta": "@sys.ignore",
        "userDefined": false
      },
      {
        "text": " you supposed to remind me about something at ",
        "userDefined": false
      },
      {
        "text": "7 am",
        "alias": "date-time",
        "meta": "@sys.date-time",
        "userDefined": false
      }
    ],
    "isTemplate": false,
    "count": 0,
    "updated": 0
  },
  {
    "id": "a51f1af4-c89b-4644-8f0a-8e09d81311d8",
    "data": [
      {
        "text": "any reminders",
        "userDefined": false
      }
    ],
    "isTemplate": false,
    "count": 0,
    "updated": 0
  },
  {
    "id": "e3cf5f84-8950-4e12-99eb-c4b67077d434",
    "data": [
      {
        "text": "what\u0027s ",
        "userDefined": false
      },
      {
        "text": "on",
        "meta": "@sys.ignore",
        "userDefined": false
      },
      {
        "text": " my reminders list",
        "userDefined": false
      }
    ],
    "isTemplate": false,
    "count": 0,
    "updated": 0
  },
  {
    "id": "729b4169-8b05-4a8d-85e3-532619cc1452",
    "data": [
      {
        "text": "what are my reminders",
        "userDefined": false
      }
    ],
    "isTemplate": false,
    "count": 0,
    "updated": 0
  },
  {
    "id": "ac84e229-4af3-45c8-818b-a4a42a25bde9",
    "data": [
      {
        "text": "show me ",
        "userDefined": false
      },
      {
        "text": "all",
        "alias": "all",
        "meta": "@all",
        "userDefined": true
      },
      {
        "text": " the reminders",
        "userDefined": false
      }
    ],
    "isTemplate": false,
    "count": 0,
    "updated": 0
  },
  {
    "id": "51c22fd5-4913-465d-8490-4ea7436f42ba",
    "data": [
      {
        "text": "show me the reminders",
        "userDefined": false
      }
    ],
    "isTemplate": false,
    "count": 0,
    "updated": 0
  },
  {
    "id": "365bfc27-a864-4282-ad64-95d1536bba74",
    "data": [
      {
        "text": "reminders scheduled for ",
        "userDefined": false
      },
      {
        "text": "tomorrow",
        "alias": "date-time",
        "meta": "@sys.date-time",
        "userDefined": false
      }
    ],
    "isTemplate": false,
    "count": 0,
    "updated": 0
  },
  {
    "id": "a35b051e-680d-4d50-afb5-ccab37c58ee6",
    "data": [
      {
        "text": "are",
        "meta": "@sys.ignore",
        "userDefined": false
      },
      {
        "text": " you planning to remind me about ",
        "userDefined": false
      },
      {
        "text": "milk",
        "alias": "name",
        "meta": "@sys.any",
        "userDefined": true
      }
    ],
    "isTemplate": false,
    "count": 0,
    "updated": 0
  },
  {
    "id": "d52d2c56-af50-4437-ae06-cbb4ef665cea",
    "data": [
      {
        "text": "show my reminders about ",
        "userDefined": false
      },
      {
        "text": "cat",
        "alias": "name",
        "meta": "@sys.any",
        "userDefined": true
      }
    ],
    "isTemplate": false,
    "count": 0,
    "updated": 0
  },
  {
    "id": "ffffc02a-9fb5-41ae-9118-415dbdce0f83",
    "data": [
      {
        "text": "when ",
        "userDefined": false
      },
      {
        "text": "will",
        "meta": "@sys.ignore",
        "userDefined": false
      },
      {
        "text": " you remind me",
        "userDefined": false
      }
    ],
    "isTemplate": false,
    "count": 0,
    "updated": 0
  },
  {
    "id": "58aafa4a-39dd-4bf8-9766-ba65fd7912da",
    "data": [
      {
        "text": "show reminder",
        "userDefined": false
      }
    ],
    "isTemplate": false,
    "count": 0,
    "updated": 0
  },
  {
    "id": "40e0bf52-336b-46e6-85d4-4bde1930e939",
    "data": [
      {
        "text": "so my reminder",
        "userDefined": false
      }
    ],
    "isTemplate": false,
    "count": 0,
    "updated": 0
  },
  {
    "id": "109e3d49-8812-42fe-b93c-510cc6077135",
    "data": [
      {
        "text": "reminders for ",
        "userDefined": false
      },
      {
        "text": "8 am",
        "alias": "date-time",
        "meta": "@sys.date-time",
        "userDefined": false
      }
    ],
    "isTemplate": false,
    "count": 0,
    "updated": 0
  },
  {
    "id": "554554c9-2238-47c0-8a8f-367dcbb5b482",
    "data": [
      {
        "text": "are",
        "meta": "@sys.ignore",
        "userDefined": false
      },
      {
        "text": " you supposed to remind me about something ",
        "userDefined": false
      },
      {
        "text": "every Thursday",
        "alias": "recurrence",
        "meta": "@recurrence",
        "userDefined": false
      }
    ],
    "isTemplate": false,
    "count": 0,
    "updated": 0
  },
  {
    "id": "b06c2f40-ddfb-47f9-a520-c26096e08528",
    "data": [
      {
        "text": "any reminder",
        "userDefined": false
      }
    ],
    "isTemplate": false,
    "count": 0,
    "updated": 0
  },
  {
    "id": "637a997a-160a-42a9-8e4b-cfd1df12bad7",
    "data": [
      {
        "text": "show me my reminders\u0027 list",
        "userDefined": false
      }
    ],
    "isTemplate": false,
    "count": 0,
    "updated": 0
  },
  {
    "id": "446d1408-30b6-4be2-a66d-d4509e295dc8",
    "data": [
      {
        "text": "are",
        "meta": "@sys.ignore",
        "userDefined": false
      },
      {
        "text": " there any reminders",
        "userDefined": false
      }
    ],
    "isTemplate": false,
    "count": 0,
    "updated": 0
  },
  {
    "id": "03de57b6-8ca6-46ae-92bd-3b5c56ac16cc",
    "data": [
      {
        "text": "bring up reminders",
        "userDefined": false
      }
    ],
    "isTemplate": false,
    "count": 0,
    "updated": 0
  },
  {
    "id": "a3316197-fd21-4244-9bc7-f449bf015fc4",
    "data": [
      {
        "text": "show me ",
        "userDefined": false
      },
      {
        "text": "all",
        "alias": "all",
        "meta": "@all",
        "userDefined": true
      },
      {
        "text": " my reminders",
        "userDefined": false
      }
    ],
    "isTemplate": false,
    "count": 1,
    "updated": 0
  },
  {
    "id": "2adfaf1d-dc4a-4d1f-bb48-3fa050718484",
    "data": [
      {
        "text": "are there any reminders for ",
        "userDefined": false
      },
      {
        "text": "today",
        "alias": "date-time",
        "meta": "@sys.date-time",
        "userDefined": true
      }
    ],
    "isTemplate": false,
    "count": 0,
    "updated": 0
  },
  {
    "id": "dfdab630-63e4-495e-88b7-56cfa1106e36",
    "data": [
      {
        "text": "get",
        "meta": "@sys.ignore",
        "userDefined": false
      },
      {
        "text": " reminders with ",
        "userDefined": false
      },
      {
        "text": "name",
        "meta": "@sys.ignore",
        "userDefined": false
      },
      {
        "text": " ",
        "userDefined": false
      },
      {
        "text": "pills",
        "alias": "name",
        "meta": "@sys.any",
        "userDefined": true
      }
    ],
    "isTemplate": false,
    "count": 0,
    "updated": 0
  },
  {
    "id": "868c6103-efd3-42dc-b34d-0431b094919d",
    "data": [
      {
        "text": "search for my reminders",
        "userDefined": false
      }
    ],
    "isTemplate": false,
    "count": 0,
    "updated": 0
  },
  {
    "id": "4c69c12b-512c-405d-af96-fa78f3cac7b0",
    "data": [
      {
        "text": "can you ",
        "userDefined": false
      },
      {
        "text": "give",
        "meta": "@sys.ignore",
        "userDefined": false
      },
      {
        "text": " me a reminder",
        "userDefined": false
      }
    ],
    "isTemplate": false,
    "count": 0,
    "updated": 0
  },
  {
    "id": "56f3ea14-f7b7-4273-a6c3-6896c17118bb",
    "data": [
      {
        "text": "show ",
        "userDefined": false
      },
      {
        "text": "all",
        "alias": "all",
        "meta": "@all",
        "userDefined": true
      },
      {
        "text": " reminders about ",
        "userDefined": false
      },
      {
        "text": "fitness",
        "alias": "name",
        "meta": "@sys.any",
        "userDefined": true
      }
    ],
    "isTemplate": false,
    "count": 0,
    "updated": 0
  },
  {
    "id": "cfb08478-89fb-4f13-8900-9ec3f183631d",
    "data": [
      {
        "text": "show me my reminders please",
        "userDefined": false
      }
    ],
    "isTemplate": false,
    "count": 0,
    "updated": 0
  },
  {
    "id": "f8a6cdbd-186b-4d8e-83e1-a703742bf98d",
    "data": [
      {
        "text": "show ",
        "userDefined": false
      },
      {
        "text": "all",
        "alias": "all",
        "meta": "@all",
        "userDefined": true
      },
      {
        "text": " reminders",
        "userDefined": false
      }
    ],
    "isTemplate": false,
    "count": 1,
    "updated": 0
  },
  {
    "id": "27d5130b-a6a6-4dc5-9dee-75d719cfc161",
    "data": [
      {
        "text": "read ",
        "userDefined": false
      },
      {
        "text": "all",
        "alias": "all",
        "meta": "@all",
        "userDefined": true
      },
      {
        "text": " my reminders about ",
        "userDefined": false
      },
      {
        "text": "walking my dog",
        "alias": "name",
        "meta": "@sys.any",
        "userDefined": true
      }
    ],
    "isTemplate": false,
    "count": 0,
    "updated": 0
  },
  {
    "id": "a8219623-7c6e-458b-9670-44549cfb375b",
    "data": [
      {
        "text": "reminders ",
        "userDefined": false
      },
      {
        "text": "this weekend",
        "alias": "date-time",
        "meta": "@sys.date-time",
        "userDefined": false
      }
    ],
    "isTemplate": false,
    "count": 0,
    "updated": 0
  },
  {
    "id": "8ec4cc9c-2624-4355-a4d4-f66dbe7738d4",
    "data": [
      {
        "text": "what\u0027s the reminder",
        "userDefined": false
      }
    ],
    "isTemplate": false,
    "count": 0,
    "updated": 0
  },
  {
    "id": "465c080d-e26a-4fa0-96b4-52328cd448da",
    "data": [
      {
        "text": "show my ",
        "userDefined": false
      },
      {
        "text": "morning",
        "alias": "date-time",
        "meta": "@sys.date-time",
        "userDefined": true
      },
      {
        "text": " reminders",
        "userDefined": false
      }
    ],
    "isTemplate": false,
    "count": 0,
    "updated": 0
  },
  {
    "id": "740c1921-f0ce-42a9-90f3-a9a052804238",
    "data": [
      {
        "text": "look my reminders",
        "userDefined": false
      }
    ],
    "isTemplate": false,
    "count": 0,
    "updated": 0
  },
  {
    "id": "5faaefbb-d1ce-47cb-9a32-11e0a9c93d25",
    "data": [
      {
        "text": "do I have a reminder ",
        "userDefined": false
      },
      {
        "text": "today",
        "alias": "date-time",
        "meta": "@sys.date-time",
        "userDefined": false
      }
    ],
    "isTemplate": false,
    "count": 0,
    "updated": 0
  },
  {
    "id": "1c068898-d22f-40a3-92ac-648e94dbd8d2",
    "data": [
      {
        "text": "show ",
        "userDefined": false
      },
      {
        "text": "all",
        "alias": "all",
        "meta": "@all",
        "userDefined": true
      },
      {
        "text": " reminders planned for ",
        "userDefined": false
      },
      {
        "text": "work",
        "alias": "location",
        "meta": "@sys.location",
        "userDefined": true
      }
    ],
    "isTemplate": false,
    "count": 0,
    "updated": 0
  },
  {
    "id": "8440077d-8628-442d-a09e-44d87d815242",
    "data": [
      {
        "text": "read reminders",
        "userDefined": false
      }
    ],
    "isTemplate": false,
    "count": 0,
    "updated": 0
  },
  {
    "id": "48039be8-e1b3-4eaa-9781-17dc53288c52",
    "data": [
      {
        "text": "reminders for ",
        "userDefined": false
      },
      {
        "text": "tomorrow",
        "alias": "date-time",
        "meta": "@sys.date-time",
        "userDefined": false
      }
    ],
    "isTemplate": false,
    "count": 0,
    "updated": 0
  },
  {
    "id": "0c40ef66-7c54-4857-bd17-091b9dfc7778",
    "data": [
      {
        "text": "can you show me ",
        "userDefined": false
      },
      {
        "text": "all",
        "alias": "all",
        "meta": "@all",
        "userDefined": true
      },
      {
        "text": " my reminders",
        "userDefined": false
      }
    ],
    "isTemplate": false,
    "count": 0,
    "updated": 0
  },
  {
    "id": "4412238d-cadc-4245-b628-753619e0efbd",
    "data": [
      {
        "text": "show me my reminder",
        "userDefined": false
      }
    ],
    "isTemplate": false,
    "count": 0,
    "updated": 0
  },
  {
    "id": "3193f829-a0af-482f-a20a-7aa0b523cd03",
    "data": [
      {
        "text": "view",
        "meta": "@sys.ignore",
        "userDefined": false
      },
      {
        "text": " reminders",
        "userDefined": false
      }
    ],
    "isTemplate": false,
    "count": 0,
    "updated": 0
  },
  {
    "id": "3b873991-3da0-43ae-95df-aefebc8a05dc",
    "data": [
      {
        "text": "do I have any reminders scheduled",
        "userDefined": false
      }
    ],
    "isTemplate": false,
    "count": 0,
    "updated": 0
  },
  {
    "id": "05540d95-42f6-4d92-beee-961360228273",
    "data": [
      {
        "text": "do I have any reminders scheduled for ",
        "userDefined": false
      },
      {
        "text": "weekdays",
        "alias": "recurrence",
        "meta": "@recurrence",
        "userDefined": true
      }
    ],
    "isTemplate": false,
    "count": 0,
    "updated": 0
  },
  {
    "id": "237cae0d-dba6-4f7b-be48-3385104c757c",
    "data": [
      {
        "text": "read that reminder",
        "userDefined": false
      }
    ],
    "isTemplate": false,
    "count": 0,
    "updated": 0
  },
  {
    "id": "be77c7a3-0a05-4a8d-8b11-a4585e8d9eea",
    "data": [
      {
        "text": "remind me to buy some ",
        "userDefined": false
      },
      {
        "text": "milk",
        "meta": "@sys.ignore",
        "userDefined": false
      }
    ],
    "isTemplate": false,
    "count": 0,
    "updated": 0
  },
  {
    "id": "d4bc6c06-0a14-4e16-8564-7e457fea90ee",
    "data": [
      {
        "text": "do I have any reminders ",
        "userDefined": false
      },
      {
        "text": "tomorrow",
        "alias": "date-time",
        "meta": "@sys.date-time",
        "userDefined": false
      }
    ],
    "isTemplate": false,
    "count": 0,
    "updated": 0
  },
  {
    "id": "f3c492f3-aad9-4fa7-ab30-9ea6971421ef",
    "data": [
      {
        "text": "any reminders for ",
        "userDefined": false
      },
      {
        "text": "today",
        "alias": "date-time",
        "meta": "@sys.date-time",
        "userDefined": false
      }
    ],
    "isTemplate": false,
    "count": 0,
    "updated": 0
  },
  {
    "id": "8bd0128a-7da3-436a-81b9-2cc7ea6c9174",
    "data": [
      {
        "text": "show me my reminders",
        "userDefined": false
      }
    ],
    "isTemplate": false,
    "count": 0,
    "updated": 0
  },
  {
    "id": "1f2ff9af-654b-4254-a8a1-b6574f193886",
    "data": [
      {
        "text": "show me ",
        "userDefined": false
      },
      {
        "text": "on",
        "meta": "@sys.ignore",
        "userDefined": false
      },
      {
        "text": " my reminders",
        "userDefined": false
      }
    ],
    "isTemplate": false,
    "count": 0,
    "updated": 0
  },
  {
    "id": "e73e4ac7-3eaa-4857-bd37-192ea250999e",
    "data": [
      {
        "text": "search reminders for ",
        "userDefined": false
      },
      {
        "text": "next Tuesday",
        "alias": "date-time",
        "meta": "@sys.date-time",
        "userDefined": true
      }
    ],
    "isTemplate": false,
    "count": 0,
    "updated": 0
  },
  {
    "id": "adfaa611-5914-47f1-b1e4-530975b5089d",
    "data": [
      {
        "text": "please show me my reminders",
        "userDefined": false
      }
    ],
    "isTemplate": false,
    "count": 0,
    "updated": 0
  },
  {
    "id": "318f82bc-5459-4f76-892b-0506cb86bd8e",
    "data": [
      {
        "text": "show me reminders for ",
        "userDefined": false
      },
      {
        "text": "today",
        "alias": "date-time",
        "meta": "@sys.date-time",
        "userDefined": false
      }
    ],
    "isTemplate": false,
    "count": 0,
    "updated": 0
  },
  {
    "id": "2b473f48-3021-4ffc-ba19-d24d531886c0",
    "data": [
      {
        "text": "check reminders",
        "userDefined": false
      }
    ],
    "isTemplate": false,
    "count": 0,
    "updated": 0
  },
  {
    "id": "1387af91-17f2-4639-89cf-c7faa23988e4",
    "data": [
      {
        "text": "do you have a reminder for me",
        "userDefined": false
      }
    ],
    "isTemplate": false,
    "count": 0,
    "updated": 0
  },
  {
    "id": "3af278b9-9064-4261-8542-30b5e94181ea",
    "data": [
      {
        "text": "reminders scheduled for when i ",
        "userDefined": false
      },
      {
        "text": "come",
        "meta": "@sys.ignore",
        "userDefined": false
      },
      {
        "text": " ",
        "userDefined": false
      },
      {
        "text": "home",
        "alias": "location",
        "meta": "@sys.location",
        "userDefined": false
      }
    ],
    "isTemplate": false,
    "count": 0,
    "updated": 0
  },
  {
    "id": "90446fd9-bca6-418f-98f2-6171bff693fa",
    "data": [
      {
        "text": "check reminder",
        "userDefined": false
      }
    ],
    "isTemplate": false,
    "count": 0,
    "updated": 0
  },
  {
    "id": "0130b0cb-a605-4d07-b644-9275c8d0db13",
    "data": [
      {
        "text": "what reminders do I have for ",
        "userDefined": false
      },
      {
        "text": "tomorrow",
        "alias": "date-time",
        "meta": "@sys.date-time",
        "userDefined": false
      }
    ],
    "isTemplate": false,
    "count": 0,
    "updated": 0
  },
  {
    "id": "6c0030b1-4a83-4fda-a71f-aa9f3644c3a0",
    "data": [
      {
        "text": "go to my reminders",
        "userDefined": false
      }
    ],
    "isTemplate": false,
    "count": 0,
    "updated": 0
  },
  {
    "id": "ecf16a04-e0ea-4b61-90e4-9b5e43e2e04e",
    "data": [
      {
        "text": "let me see my reminders",
        "userDefined": false
      }
    ],
    "isTemplate": false,
    "count": 0,
    "updated": 0
  },
  {
    "id": "1a61626b-20f9-48f6-a569-e609ec6a5b77",
    "data": [
      {
        "text": "reminders scheduled for ",
        "userDefined": false
      },
      {
        "text": "10 October",
        "alias": "date-time",
        "meta": "@sys.date-time",
        "userDefined": false
      }
    ],
    "isTemplate": false,
    "count": 0,
    "updated": 0
  },
  {
    "id": "ceb8b0c5-8c26-4c7a-9967-878783b51ea5",
    "data": [
      {
        "text": "what reminders do I have for ",
        "userDefined": false
      },
      {
        "text": "today",
        "alias": "date-time",
        "meta": "@sys.date-time",
        "userDefined": false
      }
    ],
    "isTemplate": false,
    "count": 0,
    "updated": 0
  },
  {
    "id": "58c86742-c2d0-48f7-b5c0-9da891359ec9",
    "data": [
      {
        "text": "open",
        "meta": "@sys.ignore",
        "userDefined": false
      },
      {
        "text": " my reminders",
        "userDefined": false
      }
    ],
    "isTemplate": false,
    "count": 0,
    "updated": 0
  },
  {
    "id": "bee2c77e-a532-4497-a623-4e1739509be1",
    "data": [
      {
        "text": "show my reminders for ",
        "userDefined": false
      },
      {
        "text": "tomorrow",
        "alias": "date-time",
        "meta": "@sys.date-time",
        "userDefined": true
      }
    ],
    "isTemplate": false,
    "count": 0,
    "updated": 0
  },
  {
    "id": "c78cb464-ac77-4116-97b7-48c2980517b9",
    "data": [
      {
        "text": "show me the reminder",
        "userDefined": false
      }
    ],
    "isTemplate": false,
    "count": 0,
    "updated": 0
  },
  {
    "id": "6fef53f8-1da6-42c5-ab01-c3d230a33772",
    "data": [
      {
        "text": "any reminder for me",
        "userDefined": false
      }
    ],
    "isTemplate": false,
    "count": 0,
    "updated": 0
  },
  {
    "id": "f8e02017-8b02-4e21-bbfe-f7a0e779953c",
    "data": [
      {
        "text": "display reminders",
        "userDefined": false
      }
    ],
    "isTemplate": false,
    "count": 0,
    "updated": 0
  },
  {
    "id": "5882798a-981c-4431-8a7a-d92cdaaed84b",
    "data": [
      {
        "text": "reminders with title ",
        "userDefined": false
      },
      {
        "text": "dog",
        "alias": "name",
        "meta": "@sys.any",
        "userDefined": true
      },
      {
        "text": " for ",
        "userDefined": false
      },
      {
        "text": "tomorrow",
        "alias": "date-time",
        "meta": "@sys.date-time",
        "userDefined": false
      }
    ],
    "isTemplate": false,
    "count": 0,
    "updated": 0
  },
  {
    "id": "30f8f4c0-8bdc-4c59-8a9d-8dcfdb995ce8",
    "data": [
      {
        "text": "the reminder",
        "userDefined": false
      }
    ],
    "isTemplate": false,
    "count": 0,
    "updated": 0
  },
  {
    "id": "4207f4fd-3b9c-4594-a043-082788fae6da",
    "data": [
      {
        "text": "so my reminders",
        "userDefined": false
      }
    ],
    "isTemplate": false,
    "count": 0,
    "updated": 0
  },
  {
    "id": "ff0b247b-afcc-4edb-9e39-788ab0ec413c",
    "data": [
      {
        "text": "open",
        "meta": "@sys.ignore",
        "userDefined": false
      },
      {
        "text": " reminder",
        "userDefined": false
      }
    ],
    "isTemplate": false,
    "count": 0,
    "updated": 0
  },
  {
    "id": "60ab1851-e886-42d2-9bb8-d3919e56af3c",
    "data": [
      {
        "text": "any reminders ",
        "userDefined": false
      },
      {
        "text": "today",
        "alias": "date-time",
        "meta": "@sys.date-time",
        "userDefined": true
      }
    ],
    "isTemplate": false,
    "count": 1,
    "updated": 0
  },
  {
    "id": "54961873-0ab9-492d-9448-0a549a595023",
    "data": [
      {
        "text": "show reminders",
        "userDefined": false
      }
    ],
    "isTemplate": false,
    "count": 0,
    "updated": 0
  },
  {
    "id": "28d11aac-a661-4b6b-8366-daf91e9a3fa4",
    "data": [
      {
        "text": "are there any reminders for ",
        "userDefined": false
      },
      {
        "text": "jogging",
        "alias": "name",
        "meta": "@sys.any",
        "userDefined": true
      },
      {
        "text": " for ",
        "userDefined": false
      },
      {
        "text": "this morning",
        "alias": "date-time",
        "meta": "@sys.date-time",
        "userDefined": true
      }
    ],
    "isTemplate": false,
    "count": 0,
    "updated": 0
  },
  {
    "id": "57ec0de6-3f92-4ba9-acec-40b2afe3ee9a",
    "data": [
      {
        "text": "read my reminders",
        "userDefined": false
      }
    ],
    "isTemplate": false,
    "count": 0,
    "updated": 0
  },
  {
    "id": "2a393392-6099-4c5a-b3e7-ec273ebc11e9",
    "data": [
      {
        "text": "show my reminders",
        "userDefined": false
      }
    ],
    "isTemplate": false,
    "count": 0,
    "updated": 0
  },
  {
    "id": "3b5e45de-9bbc-424a-9090-eb61729b6dc5",
    "data": [
      {
        "text": "give",
        "meta": "@sys.ignore",
        "userDefined": false
      },
      {
        "text": " me a reminder",
        "userDefined": false
      }
    ],
    "isTemplate": false,
    "count": 0,
    "updated": 0
  },
  {
    "id": "4d0cd902-c7d9-4f4b-8ea9-fe9f37080cba",
    "data": [
      {
        "text": "what time is my reminder",
        "userDefined": false
      }
    ],
    "isTemplate": false,
    "count": 0,
    "updated": 0
  },
  {
    "id": "7fded297-5c6a-404a-b453-d9cbddb9cddd",
    "data": [
      {
        "text": "all",
        "alias": "all",
        "meta": "@all",
        "userDefined": true
      },
      {
        "text": " reminders",
        "userDefined": false
      }
    ],
    "isTemplate": false,
    "count": 0,
    "updated": 0
  },
  {
    "id": "ba829cab-7fba-49d2-be1d-490b1f821944",
    "data": [
      {
        "text": "list my reminders",
        "userDefined": false
      }
    ],
    "isTemplate": false,
    "count": 0,
    "updated": 0
  },
  {
    "id": "db240a17-7f76-49ec-a709-b33ccf60b586",
    "data": [
      {
        "text": "list ",
        "userDefined": false
      },
      {
        "text": "of",
        "meta": "@sys.ignore",
        "userDefined": false
      },
      {
        "text": " my reminders",
        "userDefined": false
      }
    ],
    "isTemplate": false,
    "count": 0,
    "updated": 0
  },
  {
    "id": "eda21b53-6a2e-4656-b20b-8eeb7156d028",
    "data": [
      {
        "text": "do I have a reminder set for ",
        "userDefined": false
      },
      {
        "text": "Luca\u0027s party",
        "alias": "name",
        "meta": "@sys.any",
        "userDefined": true
      }
    ],
    "isTemplate": false,
    "count": 0,
    "updated": 0
  },
  {
    "id": "e4250c4c-0a41-4299-a66a-3eb9bd55939e",
    "data": [
      {
        "text": "find ",
        "userDefined": false
      },
      {
        "text": "all",
        "alias": "all",
        "meta": "@all",
        "userDefined": true
      },
      {
        "text": " reminders",
        "userDefined": false
      }
    ],
    "isTemplate": false,
    "count": 1,
    "updated": 0
  },
  {
    "id": "61d9a028-8d87-476a-8f13-f5ad722dd639",
    "data": [
      {
        "text": "check my reminders",
        "userDefined": false
      }
    ],
    "isTemplate": false,
    "count": 0,
    "updated": 0
  },
  {
    "id": "561cec45-ca0b-4091-b6da-bed61909334a",
    "data": [
      {
        "text": "show me reminders for ",
        "userDefined": false
      },
      {
        "text": "last Saturday",
        "alias": "date-time",
        "meta": "@sys.date-time",
        "userDefined": true
      }
    ],
    "isTemplate": false,
    "count": 0,
    "updated": 0
  },
  {
    "id": "0af8dcd6-b8b2-4313-9610-0c19254f797b",
    "data": [
      {
        "text": "can you show my reminders",
        "userDefined": false
      }
    ],
    "isTemplate": false,
    "count": 0,
    "updated": 0
  },
  {
    "id": "f0425ee7-47c7-4d2f-a9e1-889a32f07c5c",
    "data": [
      {
        "text": "are",
        "meta": "@sys.ignore",
        "userDefined": false
      },
      {
        "text": " you supposed to remind me about something at ",
        "userDefined": false
      },
      {
        "text": "9 am",
        "alias": "date-time",
        "meta": "@sys.date-time",
        "userDefined": false
      }
    ],
    "isTemplate": false,
    "count": 0,
    "updated": 0
  },
  {
    "id": "c49082d3-120b-4679-89b8-b86fd27d8a72",
    "data": [
      {
        "text": "read reminder out loud",
        "userDefined": false
      }
    ],
    "isTemplate": false,
    "count": 0,
    "updated": 0
  },
  {
    "id": "49130ebd-43b9-4acb-aafd-3ac7fac73725",
    "data": [
      {
        "text": "what reminders do I have set",
        "userDefined": false
      }
    ],
    "isTemplate": false,
    "count": 0,
    "updated": 0
  },
  {
    "id": "31f47e3f-5603-4a97-a074-238bccb06e68",
    "data": [
      {
        "text": "what ",
        "userDefined": false
      },
      {
        "text": "are",
        "meta": "@sys.ignore",
        "userDefined": false
      },
      {
        "text": " my reminders",
        "userDefined": false
      }
    ],
    "isTemplate": false,
    "count": 0,
    "updated": 0
  },
  {
    "id": "a5ba28f1-2818-446e-bd69-5e23864f687e",
    "data": [
      {
        "text": "any reminders for location ",
        "userDefined": false
      },
      {
        "text": "443 Waverley Street Palo Alto",
        "alias": "location",
        "meta": "@sys.location",
        "userDefined": true
      }
    ],
    "isTemplate": false,
    "count": 0,
    "updated": 0
  },
  {
    "id": "d7c812d0-2a8e-4bf8-afab-99a90d3a5406",
    "data": [
      {
        "text": "do you have any reminders for me",
        "userDefined": false
      }
    ],
    "isTemplate": false,
    "count": 0,
    "updated": 0
  }
]