[
  {
    "id": "6426fb27-2c03-40e4-afeb-9925f41acaca",
    "data": [
      {
        "text": "remind me ",
        "userDefined": false
      },
      {
        "text": "tomorrow",
        "alias": "date-time",
        "meta": "@sys.date-time",
        "userDefined": false
      }
    ],
    "isTemplate": false,
    "count": 0,
    "updated": 0
  },
  {
    "id": "08d92d00-c8af-4b62-a9d1-70bc71c15cc7",
    "data": [
      {
        "text": "snooze it",
        "userDefined": false
      }
    ],
    "isTemplate": false,
    "count": 0,
    "updated": 0
  },
  {
    "id": "113d98e0-9d1c-4de4-a912-8abafa7ddfa5",
    "data": [
      {
        "text": "snooze for ",
        "userDefined": false
      },
      {
        "text": "7 minutes",
        "alias": "date-time",
        "meta": "@sys.date-time",
        "userDefined": false
      }
    ],
    "isTemplate": false,
    "count": 0,
    "updated": 0
  },
  {
    "id": "39f761d1-fc6c-4a27-b500-8536e4ad5823",
    "data": [
      {
        "text": "reschedule my reminder",
        "userDefined": false
      }
    ],
    "isTemplate": false,
    "count": 0,
    "updated": 1508453970
  },
  {
    "id": "25e49fa5-1612-43fb-aefc-eb62c66e6542",
    "data": [
      {
        "text": "remind me ",
        "userDefined": false
      },
      {
        "text": "in 2 hours",
        "alias": "date-time",
        "meta": "@sys.date-time",
        "userDefined": false
      },
      {
        "text": " please",
        "userDefined": false
      }
    ],
    "isTemplate": false,
    "count": 0,
    "updated": 0
  },
  {
    "id": "0d317b08-c516-48e3-99e7-38e82cbd0d09",
    "data": [
      {
        "text": "can you remind me about it ",
        "userDefined": false
      },
      {
        "text": "in 30 minutes",
        "alias": "date-time",
        "meta": "@sys.date-time",
        "userDefined": false
      }
    ],
    "isTemplate": false,
    "count": 0,
    "updated": 0
  },
  {
    "id": "b43b31fc-ea9a-42bc-966f-41084cf10154",
    "data": [
      {
        "text": "snooze reminder",
        "userDefined": false
      }
    ],
    "isTemplate": false,
    "count": 0,
    "updated": 0
  },
  {
    "id": "79d05fd5-f84d-4e38-844f-f7e943e7b29a",
    "data": [
      {
        "text": "reschedule it",
        "userDefined": false
      }
    ],
    "isTemplate": false,
    "count": 0,
    "updated": 1508453970
  },
  {
    "id": "2e428d4e-ae2c-4c37-8c92-26cedc230c84",
    "data": [
      {
        "text": "snooze",
        "userDefined": false
      }
    ],
    "isTemplate": false,
    "count": 0,
    "updated": 0
  },
  {
    "id": "055cc0cf-e6f1-4343-8451-3b99408fb470",
    "data": [
      {
        "text": "remind me later",
        "userDefined": false
      }
    ],
    "isTemplate": false,
    "count": 0,
    "updated": 0
  },
  {
    "id": "b64efee9-359e-4832-a990-6df8b3844412",
    "data": [
      {
        "text": "reschedule my reminder for ",
        "userDefined": false
      },
      {
        "text": "next Monday",
        "alias": "date-time",
        "meta": "@sys.date-time",
        "userDefined": false
      }
    ],
    "isTemplate": false,
    "count": 0,
    "updated": 1508453970
  },
  {
    "id": "bf94de2a-251d-4e76-a6cf-070fc4af62c6",
    "data": [
      {
        "text": "move reminder",
        "userDefined": false
      }
    ],
    "isTemplate": false,
    "count": 0,
    "updated": 0
  }
]