[
  {
    "id": "0821f7c4-54cc-45d1-9129-3ceb87b88d08",
    "data": [
      {
        "text": "where ",
        "userDefined": false
      },
      {
        "text": "are",
        "meta": "@sys.ignore",
        "userDefined": true
      },
      {
        "text": " my old reminders",
        "userDefined": false
      }
    ],
    "isTemplate": false,
    "count": 0,
    "updated": 0
  },
  {
    "id": "0bae81d7-a64b-402b-bf3c-810282d357fc",
    "data": [
      {
        "text": "show my past reminders for ",
        "userDefined": false
      },
      {
        "text": "business call",
        "alias": "name",
        "meta": "@sys.any",
        "userDefined": true
      }
    ],
    "isTemplate": false,
    "count": 0,
    "updated": 0
  },
  {
    "id": "4f06b9fa-b262-428e-9904-cde6e029ba47",
    "data": [
      {
        "text": "list ",
        "userDefined": false
      },
      {
        "text": "of",
        "meta": "@sys.ignore",
        "userDefined": true
      },
      {
        "text": " old reminders",
        "userDefined": false
      }
    ],
    "isTemplate": false,
    "count": 0,
    "updated": 0
  },
  {
    "id": "09c00859-aa6e-49ca-a007-22cc84217fea",
    "data": [
      {
        "text": "show my past reminders scheduled for ",
        "userDefined": false
      },
      {
        "text": "every Wednesday",
        "alias": "recurrence",
        "meta": "@recurrence",
        "userDefined": true
      },
      {
        "text": " ",
        "userDefined": false
      },
      {
        "text": "6 am",
        "alias": "date-time",
        "meta": "@sys.date-time",
        "userDefined": true
      }
    ],
    "isTemplate": false,
    "count": 0,
    "updated": 0
  },
  {
    "id": "c6ea1372-7023-4189-ac40-c0f876f123a3",
    "data": [
      {
        "text": "give me the list of past reminders about ",
        "userDefined": false
      },
      {
        "text": "shopping",
        "alias": "name",
        "meta": "@sys.any",
        "userDefined": true
      }
    ],
    "isTemplate": false,
    "count": 0,
    "updated": 0
  },
  {
    "id": "5ea7343a-066b-4ddf-909c-07c0af7d08f9",
    "data": [
      {
        "text": "show my past reminders for ",
        "userDefined": false
      },
      {
        "text": "every Friday",
        "alias": "recurrence",
        "meta": "@recurrence",
        "userDefined": true
      }
    ],
    "isTemplate": false,
    "count": 0,
    "updated": 0
  },
  {
    "id": "b0f7959e-f8f9-46c3-a765-aa3a6b6f85d9",
    "data": [
      {
        "text": "past reminder ",
        "userDefined": false
      },
      {
        "text": "for 6 am",
        "alias": "date-time",
        "meta": "@sys.date-time",
        "userDefined": true
      }
    ],
    "isTemplate": false,
    "count": 0,
    "updated": 0
  },
  {
    "id": "53a09e9c-2da3-4a95-8467-7089261ad4b1",
    "data": [
      {
        "text": "bring up the list of ",
        "userDefined": false
      },
      {
        "text": "all",
        "alias": "all",
        "meta": "@all",
        "userDefined": true
      },
      {
        "text": " my past reminders",
        "userDefined": false
      }
    ],
    "isTemplate": false,
    "count": 0,
    "updated": 0
  },
  {
    "id": "eeddd5ef-99af-4ca9-8400-8a00c4c5a841",
    "data": [
      {
        "text": "look for old reminders for ",
        "userDefined": false
      },
      {
        "text": "watering my flowers",
        "alias": "name",
        "meta": "@sys.any",
        "userDefined": true
      }
    ],
    "isTemplate": false,
    "count": 0,
    "updated": 0
  },
  {
    "id": "820cbfa6-1d59-4a1a-83cc-13b0a489bb35",
    "data": [
      {
        "text": "list ",
        "userDefined": false
      },
      {
        "text": "of",
        "meta": "@sys.ignore",
        "userDefined": true
      },
      {
        "text": " past reminders",
        "userDefined": false
      }
    ],
    "isTemplate": false,
    "count": 0,
    "updated": 0
  },
  {
    "id": "1b240196-8060-4ad4-8ae9-d65366bd760b",
    "data": [
      {
        "text": "open the list of my ",
        "userDefined": false
      },
      {
        "text": "last week",
        "alias": "date-time",
        "meta": "@sys.date-time",
        "userDefined": true
      },
      {
        "text": " reminders about ",
        "userDefined": false
      },
      {
        "text": "holidays",
        "alias": "name",
        "meta": "@sys.any",
        "userDefined": true
      }
    ],
    "isTemplate": false,
    "count": 0,
    "updated": 0
  },
  {
    "id": "003fa454-cb78-4392-891b-f142a0fee7cc",
    "data": [
      {
        "text": "past reminders about ",
        "userDefined": false
      },
      {
        "text": "walking",
        "alias": "name",
        "meta": "@sys.any",
        "userDefined": true
      }
    ],
    "isTemplate": false,
    "count": 0,
    "updated": 0
  },
  {
    "id": "ddddafaa-f74e-4f25-be99-4975cb11aa21",
    "data": [
      {
        "text": "search past reminders",
        "userDefined": false
      }
    ],
    "isTemplate": false,
    "count": 0,
    "updated": 0
  },
  {
    "id": "1228bca9-2855-426b-b611-baec46d3e924",
    "data": [
      {
        "text": "show my old ",
        "userDefined": false
      },
      {
        "text": "work",
        "alias": "location",
        "meta": "@sys.location",
        "userDefined": true
      },
      {
        "text": " related reminders",
        "userDefined": false
      }
    ],
    "isTemplate": false,
    "count": 0,
    "updated": 0
  },
  {
    "id": "9a74719e-df16-4912-a71c-a4785788bf90",
    "data": [
      {
        "text": "old reminders with location ",
        "userDefined": false
      },
      {
        "text": "home",
        "alias": "location",
        "meta": "@sys.location",
        "userDefined": true
      }
    ],
    "isTemplate": false,
    "count": 0,
    "updated": 0
  },
  {
    "id": "a2802574-ac80-4f98-a34e-6ebf3581d10a",
    "data": [
      {
        "text": "show my old reminders",
        "userDefined": false
      }
    ],
    "isTemplate": false,
    "count": 0,
    "updated": 0
  },
  {
    "id": "aca80915-55f3-4ff5-b698-350d8a827484",
    "data": [
      {
        "text": "give",
        "meta": "@sys.ignore",
        "userDefined": false
      },
      {
        "text": " ",
        "userDefined": false
      },
      {
        "text": "me",
        "meta": "@sys.ignore",
        "userDefined": false
      },
      {
        "text": " the ",
        "userDefined": false
      },
      {
        "text": "list",
        "meta": "@sys.ignore",
        "userDefined": false
      },
      {
        "text": " ",
        "userDefined": false
      },
      {
        "text": "of",
        "meta": "@sys.ignore",
        "userDefined": false
      },
      {
        "text": " the ",
        "userDefined": false
      },
      {
        "text": "last year",
        "alias": "date-time",
        "meta": "@sys.date-time",
        "userDefined": true
      },
      {
        "text": " reminders",
        "userDefined": false
      }
    ],
    "isTemplate": false,
    "count": 0,
    "updated": 0
  },
  {
    "id": "dea81a90-3579-4ef6-b124-433d3a6449ed",
    "data": [
      {
        "text": "show past reminders",
        "userDefined": false
      }
    ],
    "isTemplate": false,
    "count": 0,
    "updated": 0
  },
  {
    "id": "6cf189da-1b9b-44fa-a485-c5f139976e92",
    "data": [
      {
        "text": "show past reminders about ",
        "userDefined": false
      },
      {
        "text": "visiting my parents",
        "alias": "name",
        "meta": "@sys.any",
        "userDefined": true
      }
    ],
    "isTemplate": false,
    "count": 0,
    "updated": 0
  },
  {
    "id": "eeec5e73-4da4-4966-973d-02548a85d7a6",
    "data": [
      {
        "text": "my old reminders",
        "userDefined": false
      }
    ],
    "isTemplate": false,
    "count": 0,
    "updated": 0
  },
  {
    "id": "b675065c-a1da-4d1a-9aa6-f84c5e9ba0c3",
    "data": [
      {
        "text": "show me my past reminders about ",
        "userDefined": false
      },
      {
        "text": "yoga",
        "alias": "name",
        "meta": "@sys.any",
        "userDefined": true
      },
      {
        "text": " from ",
        "userDefined": false
      },
      {
        "text": "last week",
        "alias": "date-time",
        "meta": "@sys.date-time",
        "userDefined": false
      }
    ],
    "isTemplate": false,
    "count": 0,
    "updated": 1508276364
  },
  {
    "id": "fd982ffa-7d5d-4bcb-a4ed-6c497c087cd6",
    "data": [
      {
        "text": "past reminders for ",
        "userDefined": false
      },
      {
        "text": "7 am",
        "alias": "date-time",
        "meta": "@sys.date-time",
        "userDefined": true
      },
      {
        "text": " ",
        "userDefined": false
      },
      {
        "text": "every Friday",
        "alias": "recurrence",
        "meta": "@recurrence",
        "userDefined": true
      },
      {
        "text": " about ",
        "userDefined": false
      },
      {
        "text": "yoga",
        "alias": "name",
        "meta": "@sys.any",
        "userDefined": true
      }
    ],
    "isTemplate": false,
    "count": 0,
    "updated": 0
  },
  {
    "id": "930d4715-01b5-4952-8b79-875e6ee25843",
    "data": [
      {
        "text": "give",
        "meta": "@sys.ignore",
        "userDefined": true
      },
      {
        "text": " me the list of past reminders",
        "userDefined": false
      }
    ],
    "isTemplate": false,
    "count": 0,
    "updated": 0
  },
  {
    "id": "96faab06-491c-42f0-8e92-9338a100c0e9",
    "data": [
      {
        "text": "enlist my past reminders for ",
        "userDefined": false
      },
      {
        "text": "yesterdays morning",
        "alias": "date-time",
        "meta": "@sys.date-time",
        "userDefined": true
      }
    ],
    "isTemplate": false,
    "count": 0,
    "updated": 0
  },
  {
    "id": "1e3eb593-12bc-4964-be8e-b1fdb3e5314c",
    "data": [
      {
        "text": "search for old reminders about ",
        "userDefined": false
      },
      {
        "text": "jogging",
        "alias": "name",
        "meta": "@sys.any",
        "userDefined": true
      },
      {
        "text": " scheduled for ",
        "userDefined": false
      },
      {
        "text": "every day",
        "alias": "recurrence",
        "meta": "@recurrence",
        "userDefined": true
      }
    ],
    "isTemplate": false,
    "count": 0,
    "updated": 0
  },
  {
    "id": "06660c5a-29a7-4a1f-a991-86e2bc9ed34f",
    "data": [
      {
        "text": "past reminders for ",
        "userDefined": false
      },
      {
        "text": "weekdays",
        "alias": "recurrence",
        "meta": "@recurrence",
        "userDefined": true
      }
    ],
    "isTemplate": false,
    "count": 0,
    "updated": 0
  },
  {
    "id": "f8af7bf1-af51-49c3-8600-606bb26ef864",
    "data": [
      {
        "text": "past reminders scheduled for address ",
        "userDefined": false
      },
      {
        "text": "443 Waverley Street Palo Alto",
        "alias": "location",
        "meta": "@sys.location",
        "userDefined": true
      }
    ],
    "isTemplate": false,
    "count": 0,
    "updated": 0
  },
  {
    "id": "9dbbd4db-925d-42d2-811d-6e618d62461c",
    "data": [
      {
        "text": "show me old reminder about ",
        "userDefined": false
      },
      {
        "text": "doctor\u0027s appointment",
        "alias": "name",
        "meta": "@sys.any",
        "userDefined": true
      }
    ],
    "isTemplate": false,
    "count": 0,
    "updated": 0
  },
  {
    "id": "d3aeaff2-5dbb-409d-ae30-38ad49cf255c",
    "data": [
      {
        "text": "show ",
        "userDefined": false
      },
      {
        "text": "all",
        "alias": "all",
        "meta": "@all",
        "userDefined": true
      },
      {
        "text": " reminders from ",
        "userDefined": false
      },
      {
        "text": "last week",
        "alias": "date-time",
        "meta": "@sys.date-time",
        "userDefined": true
      }
    ],
    "isTemplate": false,
    "count": 0,
    "updated": 0
  },
  {
    "id": "5e9f857d-9f1d-4c68-9a49-29c7ba8997bd",
    "data": [
      {
        "text": "enlist my past reminders",
        "userDefined": false
      }
    ],
    "isTemplate": false,
    "count": 0,
    "updated": 0
  },
  {
    "id": "673b046e-7046-47ce-9fe6-5489746315f1",
    "data": [
      {
        "text": "old reminders",
        "userDefined": false
      }
    ],
    "isTemplate": false,
    "count": 0,
    "updated": 0
  },
  {
    "id": "e9099dde-4507-441b-b521-93592a144c7f",
    "data": [
      {
        "text": "show ",
        "userDefined": false
      },
      {
        "text": "all",
        "alias": "all",
        "meta": "@all",
        "userDefined": true
      },
      {
        "text": " reminders ",
        "userDefined": false
      },
      {
        "text": "about",
        "meta": "@sys.ignore",
        "userDefined": true
      },
      {
        "text": " ",
        "userDefined": false
      },
      {
        "text": "fitness",
        "alias": "name",
        "meta": "@sys.any",
        "userDefined": true
      },
      {
        "text": " for ",
        "userDefined": false
      },
      {
        "text": "last weekend",
        "alias": "date-time",
        "meta": "@sys.date-time",
        "userDefined": true
      }
    ],
    "isTemplate": false,
    "count": 0,
    "updated": 0
  },
  {
    "id": "3f1d51b0-80f9-4c3f-8b5b-a451d089b508",
    "data": [
      {
        "text": "I need you to search for my ",
        "userDefined": false
      },
      {
        "text": "yesterday\u0027s",
        "alias": "date-time",
        "meta": "@sys.date-time",
        "userDefined": true
      },
      {
        "text": " reminders",
        "userDefined": false
      }
    ],
    "isTemplate": false,
    "count": 0,
    "updated": 0
  },
  {
    "id": "1a7dd8ff-251e-49b6-83a0-6edb22a8d1da",
    "data": [
      {
        "text": "show me past reminders for ",
        "userDefined": false
      },
      {
        "text": "last week",
        "alias": "date-time",
        "meta": "@sys.date-time",
        "userDefined": true
      }
    ],
    "isTemplate": false,
    "count": 0,
    "updated": 0
  },
  {
    "id": "4aaece7c-b715-4b3b-a6df-6b502e8bc31c",
    "data": [
      {
        "text": "old reminders for ",
        "userDefined": false
      },
      {
        "text": "work",
        "alias": "location",
        "meta": "@sys.location",
        "userDefined": true
      }
    ],
    "isTemplate": false,
    "count": 0,
    "updated": 0
  },
  {
    "id": "6ee94670-71b7-4338-8027-6fa1cb14a233",
    "data": [
      {
        "text": "past reminders",
        "userDefined": false
      }
    ],
    "isTemplate": false,
    "count": 0,
    "updated": 0
  },
  {
    "id": "38a2802f-386f-43c8-873f-9951c4ecc76f",
    "data": [
      {
        "text": "past reminders about ",
        "userDefined": false
      },
      {
        "text": "coffee",
        "alias": "name",
        "meta": "@sys.any",
        "userDefined": true
      },
      {
        "text": " in ",
        "userDefined": false
      },
      {
        "text": "London",
        "alias": "location",
        "meta": "@sys.location",
        "userDefined": false
      }
    ],
    "isTemplate": false,
    "count": 0,
    "updated": 0
  }
]