[
  {
    "id": "0bcc299a-58cd-4f72-b887-2791b02e622e",
    "data": [
      {
        "text": "can you check ",
        "userDefined": false
      },
      {
        "text": "Seattle",
        "alias": "address",
        "meta": "@sys.location",
        "userDefined": true
      }
    ],
    "isTemplate": false,
    "count": 0,
    "updated": 1505877822
  },
  {
    "id": "9d49c9fc-e3fc-40d0-900f-8ac5c8444298",
    "data": [
      {
        "text": "and in ",
        "userDefined": false
      },
      {
        "text": "London",
        "alias": "address",
        "meta": "@sys.location",
        "userDefined": true
      }
    ],
    "isTemplate": false,
    "count": 0,
    "updated": 1505877822
  },
  {
    "id": "2a0f057e-9ac3-4066-bc2d-a9eec2d17af2",
    "data": [
      {
        "text": "how about ",
        "userDefined": false
      },
      {
        "text": "Sunnyvale",
        "alias": "address",
        "meta": "@sys.location",
        "userDefined": true
      }
    ],
    "isTemplate": false,
    "count": 0
  },
  {
    "id": "254c620b-6014-4657-858a-b4331bf786e8",
    "data": [
      {
        "text": "now",
        "meta": "@sys.ignore",
        "userDefined": false
      },
      {
        "text": " ",
        "userDefined": false
      },
      {
        "text": "in",
        "meta": "@sys.ignore",
        "userDefined": false
      },
      {
        "text": " ",
        "userDefined": false
      },
      {
        "text": "Aspen",
        "alias": "address",
        "meta": "@sys.location",
        "userDefined": true
      }
    ],
    "isTemplate": false,
    "count": 0,
    "updated": 1505877822
  },
  {
    "id": "de2dcd4b-fbc4-4617-93f1-509628104078",
    "data": [
      {
        "text": "what about ",
        "userDefined": false
      },
      {
        "text": "Oakland",
        "alias": "address",
        "meta": "@sys.location",
        "userDefined": true
      }
    ],
    "isTemplate": false,
    "count": 0,
    "updated": 1505877822
  },
  {
    "id": "ac6bc4dd-3483-42fb-95f2-f79355167659",
    "data": [
      {
        "text": "check ",
        "userDefined": false
      },
      {
        "text": "Cupertino",
        "alias": "address",
        "meta": "@sys.location",
        "userDefined": true
      }
    ],
    "isTemplate": false,
    "count": 0,
    "updated": 1505877822
  },
  {
    "id": "c2bbfaff-177c-4ad7-8ebc-d062faac8ea4",
    "data": [
      {
        "text": "what about ",
        "userDefined": false
      },
      {
        "text": "Aspen",
        "alias": "address",
        "meta": "@sys.location",
        "userDefined": true
      }
    ],
    "isTemplate": false,
    "count": 0,
    "updated": 1505877822
  },
  {
    "id": "7261fca3-2760-48ce-a0d2-1f4b368a1c54",
    "data": [
      {
        "text": "what about ",
        "userDefined": false
      },
      {
        "text": "San Francisco",
        "alias": "address",
        "meta": "@sys.location",
        "userDefined": false
      }
    ],
    "isTemplate": false,
    "count": 0,
    "updated": 1505877822
  },
  {
    "id": "c1ce287d-4a73-452f-bf75-101ed14b661a",
    "data": [
      {
        "text": "what about ",
        "userDefined": false
      },
      {
        "text": "Paris",
        "alias": "address",
        "meta": "@sys.location",
        "userDefined": true
      }
    ],
    "isTemplate": false,
    "count": 0,
    "updated": 0
  },
  {
    "id": "532dfd2a-9f6f-467f-864b-2e69483fa9dc",
    "data": [
      {
        "text": "Moscow",
        "alias": "address",
        "meta": "@sys.location",
        "userDefined": true
      }
    ],
    "isTemplate": false,
    "count": 0,
    "updated": 0
  }
]