[
  {
    "id": "2b363125-f3c7-44dc-af5e-44698751b4d4",
    "data": [
      {
        "text": "switch to ",
        "userDefined": false
      },
      {
        "text": "F",
        "alias": "unit",
        "meta": "@unit-temperature",
        "userDefined": false
      }
    ],
    "isTemplate": false,
    "count": 0,
    "updated": 1510347669
  },
  {
    "id": "5d867ee1-240d-40b6-9988-cbf863331321",
    "data": [
      {
        "text": "switch degrees to ",
        "userDefined": false
      },
      {
        "text": "C",
        "alias": "unit",
        "meta": "@unit-temperature",
        "userDefined": true
      }
    ],
    "isTemplate": false,
    "count": 0
  },
  {
    "id": "22eb900e-7388-4bf8-95ea-1fd21c089887",
    "data": [
      {
        "text": "can you say it in ",
        "userDefined": false
      },
      {
        "text": "C",
        "alias": "unit",
        "meta": "@unit-temperature",
        "userDefined": false
      }
    ],
    "isTemplate": false,
    "count": 0
  },
  {
    "id": "1ee43d46-e5b5-439b-86cb-d828a5cbe5f9",
    "data": [
      {
        "text": "weather in ",
        "userDefined": false
      },
      {
        "text": "Fahrenheit degrees",
        "alias": "unit",
        "meta": "@unit-temperature",
        "userDefined": true
      }
    ],
    "isTemplate": false,
    "count": 0
  },
  {
    "id": "e20863c5-003e-435a-8d32-2309b70a7525",
    "data": [
      {
        "text": "tell me weather in ",
        "userDefined": false
      },
      {
        "text": "Celsius",
        "alias": "unit",
        "meta": "@unit-temperature",
        "userDefined": false
      }
    ],
    "isTemplate": false,
    "count": 0,
    "updated": 1510347669
  },
  {
    "id": "e031d469-b6ea-4437-a60f-7c6afe30f14d",
    "data": [
      {
        "text": "what\u0027s the weather in ",
        "userDefined": false
      },
      {
        "text": "F",
        "alias": "unit",
        "meta": "@unit-temperature",
        "userDefined": true
      }
    ],
    "isTemplate": false,
    "count": 0
  },
  {
    "id": "7a7ea7bb-5e7f-4a22-b87a-fd047c5bdf09",
    "data": [
      {
        "text": "show weather in ",
        "userDefined": false
      },
      {
        "text": "F",
        "alias": "unit",
        "meta": "@unit-temperature",
        "userDefined": false
      }
    ],
    "isTemplate": false,
    "count": 0,
    "updated": 1510347669
  },
  {
    "id": "9c06b910-24d2-4472-a129-3f02b2caca88",
    "data": [
      {
        "text": "change temperature units",
        "userDefined": false
      }
    ],
    "isTemplate": false,
    "count": 0,
    "updated": 1510347669
  },
  {
    "id": "43525d1f-c38b-4bf1-93ad-5c58750b6f93",
    "data": [
      {
        "text": "switch weather units",
        "userDefined": false
      }
    ],
    "isTemplate": false,
    "count": 0,
    "updated": 1510347669
  }
]