[
  {
    "id": "af5b8c79-ac58-4d31-9526-cdac7fc4df28",
    "data": [
      {
        "text": "can I go ",
        "userDefined": false
      },
      {
        "text": "skiing",
        "alias": "activity",
        "meta": "@activity",
        "userDefined": true
      },
      {
        "text": " in ",
        "userDefined": false
      },
      {
        "text": "Vienna",
        "alias": "location",
        "meta": "@sys.location",
        "userDefined": true
      }
    ],
    "isTemplate": false,
    "count": 0,
    "updated": 0
  },
  {
    "id": "3f0c0ae2-6316-421e-ae48-96695dd2630e",
    "data": [
      {
        "text": "can I go for a ",
        "userDefined": false
      },
      {
        "text": "run",
        "alias": "activity",
        "meta": "@activity",
        "userDefined": true
      }
    ],
    "isTemplate": false,
    "count": 0,
    "updated": 0
  },
  {
    "id": "2326323b-30b1-44f8-8a12-8f6b4bf93021",
    "data": [
      {
        "text": "can I go ",
        "userDefined": false
      },
      {
        "text": "surfing",
        "alias": "activity",
        "meta": "@activity",
        "userDefined": true
      }
    ],
    "isTemplate": false,
    "count": 0,
    "updated": 0
  },
  {
    "id": "82e6882a-c6e2-4371-aac7-97b95ec5da15",
    "data": [
      {
        "text": "is the weather nice enough to go ",
        "userDefined": false
      },
      {
        "text": "surfing",
        "alias": "activity",
        "meta": "@activity",
        "userDefined": true
      }
    ],
    "isTemplate": false,
    "count": 0,
    "updated": 0
  },
  {
    "id": "58822bb9-8a66-4124-9a48-ec6cd320757a",
    "data": [
      {
        "text": "will the weather allow for ",
        "userDefined": false
      },
      {
        "text": "cycling",
        "alias": "activity",
        "meta": "@activity",
        "userDefined": true
      },
      {
        "text": " in ",
        "userDefined": false
      },
      {
        "text": "Moscow",
        "alias": "location",
        "meta": "@sys.location",
        "userDefined": true
      }
    ],
    "isTemplate": false,
    "count": 0,
    "updated": 0
  },
  {
    "id": "e9629be9-ee2e-4a38-b1df-5ed1debba9d3",
    "data": [
      {
        "text": "how\u0027s the weather for ",
        "userDefined": false
      },
      {
        "text": "jogging",
        "alias": "activity",
        "meta": "@activity",
        "userDefined": false
      },
      {
        "text": " ",
        "userDefined": false
      },
      {
        "text": "tomorrow morning",
        "alias": "date-time",
        "meta": "@sys.date-time",
        "userDefined": false
      },
      {
        "text": " in ",
        "userDefined": false
      },
      {
        "text": "Mountain View",
        "alias": "location",
        "meta": "@sys.location",
        "userDefined": false
      }
    ],
    "isTemplate": false,
    "count": 0
  },
  {
    "id": "c045bd53-5178-4ef6-861e-358146570916",
    "data": [
      {
        "text": "is the weather decent for ",
        "userDefined": false
      },
      {
        "text": "cycling",
        "alias": "activity",
        "meta": "@activity",
        "userDefined": false
      },
      {
        "text": " ",
        "userDefined": false
      },
      {
        "text": "right now",
        "meta": "@sys.ignore",
        "userDefined": false
      }
    ],
    "isTemplate": false,
    "count": 0,
    "updated": 0
  },
  {
    "id": "901a200c-1bd3-4705-9a9e-5b61691507e8",
    "data": [
      {
        "text": "will it be cold enough for ",
        "userDefined": false
      },
      {
        "text": "snowball fighting",
        "alias": "activity",
        "meta": "@activity",
        "userDefined": true
      },
      {
        "text": " on ",
        "userDefined": false
      },
      {
        "text": "Friday",
        "alias": "date-time",
        "meta": "@sys.date-time",
        "userDefined": true
      }
    ],
    "isTemplate": false,
    "count": 0,
    "updated": 0
  },
  {
    "id": "31e51dca-526a-4dc6-b140-e45a6a4d7d47",
    "data": [
      {
        "text": "will I be able to go ",
        "userDefined": false
      },
      {
        "text": "jogging",
        "alias": "activity",
        "meta": "@activity",
        "userDefined": true
      },
      {
        "text": " ",
        "userDefined": false
      },
      {
        "text": "this evening",
        "alias": "date-time",
        "meta": "@sys.date-time",
        "userDefined": true
      }
    ],
    "isTemplate": false,
    "count": 0,
    "updated": 0
  },
  {
    "id": "27847a8d-eb27-43f0-a1f7-2688d4a8a7b4",
    "data": [
      {
        "text": "is it nice enough to go ",
        "userDefined": false
      },
      {
        "text": "swimming",
        "alias": "activity",
        "meta": "@activity",
        "userDefined": true
      }
    ],
    "isTemplate": false,
    "count": 0,
    "updated": 0
  },
  {
    "id": "00e48e8d-7dc0-4b55-afab-2257fa29abf0",
    "data": [
      {
        "text": "is the weather good for ",
        "userDefined": false
      },
      {
        "text": "camping",
        "alias": "activity",
        "meta": "@activity",
        "userDefined": true
      }
    ],
    "isTemplate": false,
    "count": 0,
    "updated": 0
  },
  {
    "id": "8b9210f9-3f7d-458b-9a95-c5bf5f4fe36e",
    "data": [
      {
        "text": "I\u0027m planning a ",
        "userDefined": false
      },
      {
        "text": "picnic",
        "alias": "activity",
        "meta": "@activity",
        "userDefined": true
      },
      {
        "text": " for ",
        "userDefined": false
      },
      {
        "text": "this Sunday",
        "alias": "date-time",
        "meta": "@sys.date-time",
        "userDefined": true
      },
      {
        "text": " weather permitting",
        "userDefined": false
      }
    ],
    "isTemplate": false,
    "count": 0
  },
  {
    "id": "82969f74-6a84-490e-a883-6779a85211e6",
    "data": [
      {
        "text": "is the weather good enough to go ",
        "userDefined": false
      },
      {
        "text": "climbing",
        "alias": "activity",
        "meta": "@activity",
        "userDefined": true
      },
      {
        "text": " to ",
        "userDefined": false
      },
      {
        "text": "Malaga",
        "alias": "location",
        "meta": "@sys.location",
        "userDefined": true
      }
    ],
    "isTemplate": false,
    "count": 0,
    "updated": 0
  },
  {
    "id": "9ee6c8c7-4817-42e5-acb2-c16689e7c94a",
    "data": [
      {
        "text": "can I go ",
        "userDefined": false
      },
      {
        "text": "snowboarding",
        "alias": "activity",
        "meta": "@activity",
        "userDefined": true
      },
      {
        "text": " on the ",
        "userDefined": false
      },
      {
        "text": "weekend",
        "alias": "date-time",
        "meta": "@sys.date-time",
        "userDefined": true
      }
    ],
    "isTemplate": false,
    "count": 0,
    "updated": 0
  },
  {
    "id": "744cd916-a330-4f31-84e8-255d49bd3190",
    "data": [
      {
        "text": "is the weather nice enough to go ",
        "userDefined": false
      },
      {
        "text": "sightseeing",
        "alias": "activity",
        "meta": "@activity",
        "userDefined": true
      },
      {
        "text": " ",
        "userDefined": false
      },
      {
        "text": "today",
        "alias": "date-time",
        "meta": "@sys.date-time",
        "userDefined": true
      }
    ],
    "isTemplate": false,
    "count": 0,
    "updated": 0
  },
  {
    "id": "9862662f-6371-4730-92c7-067395be31d9",
    "data": [
      {
        "text": "is ",
        "userDefined": false
      },
      {
        "text": "hiking",
        "alias": "activity",
        "meta": "@activity",
        "userDefined": false
      },
      {
        "text": " a ",
        "userDefined": false
      },
      {
        "text": "good",
        "meta": "@sys.ignore",
        "userDefined": false
      },
      {
        "text": " idea ",
        "userDefined": false
      },
      {
        "text": "right now",
        "meta": "@sys.ignore",
        "userDefined": true
      }
    ],
    "isTemplate": false,
    "count": 0,
    "updated": 0
  },
  {
    "id": "d9ee74fb-e61e-44e6-a5b4-7daad0cf0758",
    "data": [
      {
        "text": "is the",
        "meta": "@sys.ignore",
        "userDefined": false
      },
      {
        "text": " weather good for ",
        "userDefined": false
      },
      {
        "text": "walking",
        "alias": "activity",
        "meta": "@activity",
        "userDefined": true
      }
    ],
    "isTemplate": false,
    "count": 0,
    "updated": 0
  },
  {
    "id": "4f3015cc-5611-4ace-a3c9-40eef5efa54a",
    "data": [
      {
        "text": "I plan to ",
        "userDefined": false
      },
      {
        "text": "ski",
        "alias": "activity",
        "meta": "@activity",
        "userDefined": true
      },
      {
        "text": " ",
        "userDefined": false
      },
      {
        "text": "today",
        "alias": "date-time",
        "meta": "@sys.date-time",
        "userDefined": true
      },
      {
        "text": " is it possible",
        "userDefined": false
      }
    ],
    "isTemplate": false,
    "count": 1,
    "updated": 0
  },
  {
    "id": "156a9f66-641d-49cd-a94d-92b7e85fd1de",
    "data": [
      {
        "text": "do you think the weather\u0027s for ",
        "userDefined": false
      },
      {
        "text": "cycling",
        "alias": "activity",
        "meta": "@activity",
        "userDefined": false
      }
    ],
    "isTemplate": false,
    "count": 1,
    "updated": 0
  }
]