[
  {
    "id": "1612ef83-b412-4439-a394-3c50dc2ca8e0",
    "data": [
      {
        "text": "how about ",
        "userDefined": false
      },
      {
        "text": "thunderstorm",
        "alias": "condition",
        "meta": "@weather-condition",
        "userDefined": false
      }
    ],
    "isTemplate": false,
    "count": 0,
    "updated": 1505877874
  },
  {
    "id": "c8be8cf9-cf0b-41dc-ba73-10c793185538",
    "data": [
      {
        "text": "what about ",
        "userDefined": false
      },
      {
        "text": "snowing",
        "alias": "condition",
        "meta": "@weather-condition",
        "userDefined": true
      }
    ],
    "isTemplate": false,
    "count": 0,
    "updated": 1505877874
  },
  {
    "id": "16598280-ced1-403a-8309-d81b714146ca",
    "data": [
      {
        "text": "and ",
        "userDefined": false
      },
      {
        "text": "rain",
        "alias": "condition",
        "meta": "@weather-condition",
        "userDefined": false
      }
    ],
    "isTemplate": false,
    "count": 0,
    "updated": 0
  }
]