[
  {
    "id": "1675cb07-3ad6-48da-9b43-6f2567efb4d5",
    "data": [
      {
        "text": "search ",
        "userDefined": false
      },
      {
        "text": "how to build a house",
        "alias": "q",
        "meta": "@sys.any",
        "userDefined": true
      }
    ],
    "isTemplate": false,
    "count": 0,
    "updated": 0
  },
  {
    "id": "5ca6c56a-980c-4ebb-8951-e07a8b61f029",
    "data": [
      {
        "text": "look up ",
        "userDefined": false
      },
      {
        "text": "Monty Python",
        "alias": "q",
        "meta": "@sys.any",
        "userDefined": true
      }
    ],
    "isTemplate": false,
    "count": 0,
    "updated": 0
  },
  {
    "id": "d9dc9d45-a6e9-48ab-a8c7-a1f18c5cab98",
    "data": [
      {
        "text": "google",
        "alias": "service",
        "meta": "@search-engine",
        "userDefined": true
      },
      {
        "text": " ",
        "userDefined": false
      },
      {
        "text": "David Bowie",
        "alias": "q",
        "meta": "@sys.any",
        "userDefined": true
      }
    ],
    "isTemplate": false,
    "count": 1,
    "updated": 0
  },
  {
    "id": "c577fa36-8ba5-4163-8556-6c8c43422847",
    "data": [
      {
        "text": "find ",
        "userDefined": false
      },
      {
        "text": "Metropolitan Museum",
        "alias": "q",
        "meta": "@sys.any",
        "userDefined": true
      },
      {
        "text": " on ",
        "userDefined": false
      },
      {
        "text": "Wikipedia",
        "alias": "service",
        "meta": "@search-engine",
        "userDefined": true
      }
    ],
    "isTemplate": false,
    "count": 0,
    "updated": 0
  },
  {
    "id": "90f5eed9-20a0-464e-913c-b02314f6994c",
    "data": [
      {
        "text": "find ",
        "userDefined": false
      },
      {
        "text": "Newton laws",
        "alias": "q",
        "meta": "@sys.any",
        "userDefined": true
      },
      {
        "text": " in the web",
        "userDefined": false
      }
    ],
    "isTemplate": false,
    "count": 0,
    "updated": 1528795764
  },
  {
    "id": "c98b891d-9e0a-415c-a5cf-8ff4a5a85a03",
    "data": [
      {
        "text": "web search",
        "userDefined": false
      }
    ],
    "isTemplate": false,
    "count": 0,
    "updated": 0
  },
  {
    "id": "d13f8cd9-c518-4398-8933-1f1ec9d8514e",
    "data": [
      {
        "text": "can you find information",
        "userDefined": false
      }
    ],
    "isTemplate": false,
    "count": 0,
    "updated": 0
  },
  {
    "id": "5f2a7a64-f2b3-4e8b-8a81-59a7808c088b",
    "data": [
      {
        "text": "find ",
        "userDefined": false
      },
      {
        "text": "Pink\u0027s biography",
        "alias": "q",
        "meta": "@sys.any",
        "userDefined": true
      },
      {
        "text": " on ",
        "userDefined": false
      },
      {
        "text": "Wikipedia",
        "alias": "service",
        "meta": "@search-engine",
        "userDefined": true
      }
    ],
    "isTemplate": false,
    "count": 0,
    "updated": 0
  },
  {
    "id": "aee873c1-3a95-4ec6-b396-6c6acf809f93",
    "data": [
      {
        "text": "search for ",
        "userDefined": false
      },
      {
        "text": "popular wallpapers",
        "alias": "q",
        "meta": "@sys.any",
        "userDefined": true
      },
      {
        "text": " on ",
        "userDefined": false
      },
      {
        "text": "Yahoo",
        "alias": "service",
        "meta": "@search-engine",
        "userDefined": true
      }
    ],
    "isTemplate": false,
    "count": 0,
    "updated": 0
  },
  {
    "id": "1424322a-cd05-452e-b57f-3f95b37a0d43",
    "data": [
      {
        "text": "find ",
        "userDefined": false
      },
      {
        "text": "apple pie recipes",
        "alias": "q",
        "meta": "@sys.any",
        "userDefined": true
      }
    ],
    "isTemplate": false,
    "count": 0,
    "updated": 0
  },
  {
    "id": "f27b84a2-a4d4-4f2c-9c17-5979e783eadd",
    "data": [
      {
        "text": "search",
        "userDefined": false
      }
    ],
    "isTemplate": false,
    "count": 0,
    "updated": 0
  },
  {
    "id": "9449986e-0649-4817-b4e7-22901d366112",
    "data": [
      {
        "text": "find ",
        "userDefined": false
      },
      {
        "text": "funny cats",
        "alias": "q",
        "meta": "@sys.any",
        "userDefined": true
      }
    ],
    "isTemplate": false,
    "count": 0,
    "updated": 1528795764
  },
  {
    "id": "7a9c7411-12e9-48e2-a301-62f7805bdbbe",
    "data": [
      {
        "text": "google",
        "alias": "service",
        "meta": "@search-engine",
        "userDefined": true
      },
      {
        "text": " a ",
        "userDefined": false
      },
      {
        "text": "recipe for tomato soup",
        "alias": "q",
        "meta": "@sys.any",
        "userDefined": true
      }
    ],
    "isTemplate": false,
    "count": 0,
    "updated": 0
  },
  {
    "id": "58584982-a64c-47dd-9583-d2a315f18f51",
    "data": [
      {
        "text": "Google",
        "alias": "service",
        "meta": "@search-engine",
        "userDefined": true
      },
      {
        "text": " ",
        "userDefined": false
      },
      {
        "text": "who is the president of the United States",
        "alias": "q",
        "meta": "@sys.any",
        "userDefined": true
      }
    ],
    "isTemplate": false,
    "count": 0,
    "updated": 0
  },
  {
    "id": "93de7650-43e2-4f08-a3d8-2465a9c8444a",
    "data": [
      {
        "text": "search the Internet",
        "userDefined": false
      }
    ],
    "isTemplate": false,
    "count": 0,
    "updated": 0
  },
  {
    "id": "dc9b0e48-9b52-41c8-bea9-1f90905d2d09",
    "data": [
      {
        "text": "find information about ",
        "userDefined": false
      },
      {
        "text": "Madonna",
        "alias": "q",
        "meta": "@sys.any",
        "userDefined": true
      }
    ],
    "isTemplate": false,
    "count": 0,
    "updated": 0
  },
  {
    "id": "42de5727-1248-4ab3-a16a-677071048ce7",
    "data": [
      {
        "text": "find ",
        "userDefined": false
      },
      {
        "text": "Lady Gaga\u0027s husband",
        "alias": "q",
        "meta": "@sys.any",
        "userDefined": true
      },
      {
        "text": " on the Internet",
        "userDefined": false
      }
    ],
    "isTemplate": false,
    "count": 0,
    "updated": 0
  }
]