[
  {
    "id": "ad9f9825-b24e-475a-88c0-da6f7e980666",
    "data": [
      {
        "text": "what about ",
        "userDefined": false
      },
      {
        "text": "puppies",
        "alias": "q",
        "meta": "@sys.any",
        "userDefined": false
      },
      {
        "text": " ",
        "userDefined": false
      },
      {
        "text": "now",
        "meta": "@sys.ignore",
        "userDefined": false
      }
    ],
    "isTemplate": false,
    "count": 0,
    "updated": 1528791624
  },
  {
    "id": "5e4811eb-9b02-4680-b3ff-de1a2cb2e628",
    "data": [
      {
        "text": "now for ",
        "userDefined": false
      },
      {
        "text": "tables",
        "alias": "q",
        "meta": "@sys.any",
        "userDefined": true
      }
    ],
    "isTemplate": false,
    "count": 0,
    "updated": 0
  },
  {
    "id": "e1cd0753-4a36-41b5-83f0-91ce71bbcb23",
    "data": [
      {
        "text": "how about ",
        "userDefined": false
      },
      {
        "text": "apple pie recipes",
        "alias": "q",
        "meta": "@sys.any",
        "userDefined": true
      }
    ],
    "isTemplate": false,
    "count": 0,
    "updated": 0
  },
  {
    "id": "1e631f7d-ee6e-4864-b97b-03d6b7c37d0b",
    "data": [
      {
        "text": "dogs",
        "alias": "q",
        "meta": "@sys.any",
        "userDefined": false
      },
      {
        "text": " as ",
        "userDefined": false
      },
      {
        "text": "well",
        "meta": "@sys.ignore",
        "userDefined": false
      }
    ],
    "isTemplate": false,
    "count": 0,
    "updated": 0
  },
  {
    "id": "02e44947-3874-4af3-b30a-0411e0315fd7",
    "data": [
      {
        "text": "now",
        "meta": "@sys.ignore",
        "userDefined": false
      },
      {
        "text": " ",
        "userDefined": false
      },
      {
        "text": "kittens",
        "alias": "q",
        "meta": "@sys.any",
        "userDefined": true
      }
    ],
    "isTemplate": false,
    "count": 0,
    "updated": 0
  }
]